0.115046635,0.1800374,0.20830928,0.2170087,0.41643313,0.20940493,0.14993268,0.066914625,0.24595301,0.5385874,0.20732605,0.14858246,0
0.2245468,0.16100778,0.15205877,0.29181236,0.44638368,0.29108688,0.13931409,0.10773837,0.2943166,0.383986,0.341325,0.32697418,0
0.24215,0.28537205,0.15421695,0.15309995,0.40794137,0.20651758,0.1623357,0.3140188,0.1901234,0.24685358,0.14247942,0.16953848,0
0.14085098,0.3893929,0.21392749,0.16656674,0.21889086,0.16811469,0.29622573,0.13302493,0.18919118,0.28435123,0.19505398,0.11334382,0
0.10206485,0.20484035,0.17868078,0.16177583,0.3403944,0.2753928,0.25909317,0.29688686,0.45000815,0.60745215,0.32755595,0.16306202,0
0.07729335,0.23176725,0.13213311,0.1518762,0.3430268,0.1540078,0.27409258,0.1086623,0.2350157,0.3412512,0.12385367,0.10026234,0
0.17844656,0.23048833,0.31438088,0.41484964,0.6101818,0.34228536,0.09786339,0.06432875,0.113387175,0.12636022,0.11439174,0.18656002,0
0.22841181,0.29149804,0.3800653,0.4405977,0.50868005,0.3144425,0.09926083,0.061783955,0.07817851,0.11162846,0.10718464,0.16657127,0
0.22926024,0.29182085,0.37470853,0.42115316,0.47613782,0.29273874,0.09878884,0.07607428,0.09415329,0.1510332,0.12976332,0.18541752,0
0.31922853,0.27764818,0.2301295,0.17540158,0.28282434,0.13457611,0.25958088,0.16140464,0.29670233,0.4022076,0.35377237,0.36840045,0
0.1852296,0.116822116,0.2008152,0.18347296,0.2764567,0.2107703,0.19761279,0.40178314,0.29375106,0.46659455,0.21008773,0.11944404,0
0.14305727,0.36912987,0.287026,0.2588052,0.37116826,0.21688117,0.28854215,0.08984315,0.15248992,0.28700694,0.10091919,0.1077208,0
0.20160936,0.19449335,0.25916165,0.29258212,0.32909256,0.19857533,0.1227271,0.092145585,0.13284013,0.14007369,0.16274333,0.26931986,0
0.41365567,0.41700286,0.239872,0.2010636,0.20108843,0.06892607,0.052665044,0.06214462,0.17316899,0.14125423,0.18410404,0.3009179,0
0.21758352,0.24431328,0.16214722,0.17001136,0.52996325,0.25109988,0.092559576,0.17888787,0.25094432,0.45771393,0.25854367,0.20904416,0
0.1625393,0.1658602,0.12693681,0.15958768,0.25091982,0.11371098,0.1622276,0.15647417,0.34986112,0.21557403,0.15068513,0.17811634,0
0.22938278,0.1417177,0.20199452,0.11004538,0.17359877,0.08309946,0.05662224,0.057476964,0.16973327,0.45651987,0.28137973,0.3407129,0
0.13228524,0.2435027,0.22207008,0.20352899,0.34046566,0.1929674,0.1919767,0.29058212,0.40335658,0.53807926,0.28214082,0.1637935,0
0.23702434,0.14151467,0.17643234,0.09911029,0.1369209,0.1548324,0.08901355,0.06878991,0.1771993,0.40304357,0.28858188,0.3552897,0
0.3760407,0.39821735,0.242132,0.14575796,0.2664863,0.12507237,0.106586754,0.11814265,0.26779714,0.2187247,0.2393953,0.36535057,0
0.15021667,0.18132322,0.11303289,0.13696696,0.531653,0.22566582,0.06831082,0.16117868,0.28884032,0.60569686,0.3326075,0.17041688,0
0.22586067,0.26523873,0.33649743,0.42515594,0.5616116,0.35130745,0.12750338,0.08868746,0.114690766,0.09929798,0.10959242,0.20330468,0
0.36994308,0.26361316,0.23998508,0.19215734,0.17550567,0.13940774,0.30451703,0.17584166,0.31143755,0.3993724,0.41583598,0.49342072,0
0.17083417,0.24088453,0.18203478,0.29381865,0.4952434,0.31160864,0.28477293,0.086367466,0.12676165,0.25367653,0.15241022,0.1941765,0
0.16833515,0.12093808,0.10937623,0.092780225,0.21398881,0.08220426,0.050005525,0.078096524,0.23113853,0.63435245,0.34635904,0.28167063,0
0.20470864,0.123209186,0.17279015,0.09647949,0.12222113,0.067956045,0.07088869,0.07338818,0.16894391,0.5350523,0.30760717,0.31714502,0
0.22009587,0.14544338,0.16595644,0.09936148,0.20409703,0.11414908,0.0728716,0.07270364,0.15675654,0.45835578,0.2995949,0.34635893,0
0.09942163,0.1367214,0.20504913,0.26889512,0.4558549,0.26377687,0.20072863,0.19497816,0.244868,0.27274713,0.16631669,0.2881368,0
0.26141036,0.36542428,0.1950426,0.2129107,0.3004722,0.3176513,0.3522476,0.26892105,0.23009059,0.15529208,0.18192732,0.23773532,0
0.2774745,0.20868792,0.10285718,0.104240015,0.20878081,0.111797355,0.20234655,0.15178932,0.26369038,0.12509288,0.22980414,0.3950037,0
0.1391618,0.45709133,0.17847499,0.104048476,0.19583893,0.114745125,0.2434155,0.10508371,0.20284739,0.37530446,0.21875924,0.14769842,0
0.20785111,0.21783575,0.21915977,0.27929682,0.44220552,0.24350661,0.1509567,0.05489276,0.15053786,0.34726584,0.21002416,0.26711923,0
0.40147814,0.453031,0.3690992,0.26878694,0.18333434,0.06306171,0.061457925,0.06509941,0.17249593,0.14620258,0.15917669,0.27364185,0
0.10950337,0.19722316,0.20085455,0.19750829,0.318754,0.17132941,0.17887534,0.26465526,0.38281193,0.65148664,0.25394395,0.15027888,0
0.14664325,0.121744595,0.19121164,0.32751292,0.4686361,0.25696585,0.1334385,0.17760646,0.2719523,0.32373482,0.29152334,0.3444588,0
0.43599004,0.33410203,0.21632005,0.14648074,0.13050027,0.14221494,0.27905342,0.1982373,0.39130703,0.43756378,0.4277991,0.55463964,0
0.27908272,0.20209607,0.15600167,0.19618388,0.26753044,0.18114348,0.3009339,0.23691441,0.50026304,0.43319824,0.35244608,0.3475818,0
0.26841858,0.1993289,0.2615913,0.2603607,0.36911896,0.36016077,0.26929826,0.32246453,0.29204202,0.37615097,0.24912503,0.20735689,0
0.31117722,0.1923144,0.17223625,0.14715038,0.17648967,0.15039146,0.177418,0.35409576,0.28126413,0.38254148,0.23116355,0.19564754,0
0.10410365,0.1865732,0.068480976,0.15080155,0.09085216,0.12596384,0.5165213,0.13418402,0.16412501,0.07363669,0.16418642,0.30589986,0
0.3525321,0.28111842,0.22031212,0.19098505,0.20928644,0.18093699,0.33953887,0.21633732,0.43310377,0.42058212,0.38067043,0.4357504,0
0.10621179,0.16116768,0.1840008,0.16477703,0.31483343,0.18032081,0.17749107,0.25991315,0.3868854,0.6385815,0.28271466,0.20611353,0
0.1985856,0.3071269,0.23246855,0.2586573,0.41016677,0.24454187,0.22967413,0.07872817,0.13680384,0.28929803,0.18440191,0.21953914,0
0.11424359,0.20251267,0.3616688,0.31717628,0.2790823,0.16332828,0.14859177,0.21014191,0.19932178,0.3325582,0.2232086,0.21115778,0
0.2206873,0.12938909,0.13599262,0.10276736,0.096514456,0.088247284,0.12018547,0.34191203,0.28006172,0.47075352,0.26735848,0.14847869,0
0.21835274,0.1557464,0.2109119,0.11537431,0.17291145,0.0733208,0.056391176,0.08099072,0.20274429,0.5086544,0.28447786,0.25617978,0
0.24190103,0.2980993,0.37451974,0.42119965,0.5164745,0.29467902,0.08749882,0.058011312,0.094656296,0.13626288,0.12316834,0.18985344,0
0.22100398,0.2534833,0.32056397,0.39526585,0.49326298,0.321797,0.10535697,0.07129406,0.1348958,0.16196707,0.12052278,0.18763986,0
0.16460262,0.26859343,0.2636035,0.19776243,0.15281034,0.103119,0.15150626,0.22848627,0.34309298,0.6281297,0.3047224,0.21433516,0
0.17317082,0.24547608,0.26539254,0.27998722,0.30841833,0.20141356,0.19417049,0.1824554,0.26295987,0.3495402,0.2460206,0.3081165,0
0.10919191,0.14821678,0.07619884,0.18602483,0.11820923,0.13872044,0.4610792,0.14538166,0.1833409,0.1398987,0.23401673,0.35954747,0
0.2790449,0.24928597,0.15554401,0.138946,0.41078788,0.18020295,0.10110592,0.18018739,0.26352265,0.46580032,0.26578993,0.22657344,0
0.22480188,0.27772802,0.18825145,0.15830193,0.53805816,0.2605083,0.18892755,0.2855329,0.242012,0.3824773,0.18741912,0.15493497,0
0.15430656,0.23566724,0.08295266,0.098825134,0.5191883,0.19465984,0.040345073,0.099799246,0.27210373,0.60043585,0.32104933,0.18625009,0
0.09173452,0.2664686,0.15118524,0.13325821,0.27013144,0.11282377,0.20878354,0.10770378,0.2850976,0.41786164,0.1500004,0.11202267,0
0.19807126,0.16109559,0.15429468,0.10037028,0.17477618,0.063140295,0.026212368,0.04160115,0.2537249,0.6731728,0.3382041,0.16987522,0
0.23628171,0.19737697,0.11906708,0.122060545,0.2437127,0.14003825,0.15104593,0.14234386,0.27452967,0.18350416,0.2853416,0.40029383,0
0.11287101,0.18693845,0.11424437,0.09066764,0.23400217,0.08044204,0.049659327,0.056397986,0.20334043,0.63488746,0.2572139,0.16195548,0
0.2989574,0.244177,0.14143972,0.1107822,0.30168033,0.17988697,0.11476258,0.27156028,0.21728697,0.27015647,0.13736483,0.19000287,0
0.2615584,0.24728018,0.2323504,0.22266896,0.22491431,0.10513287,0.09474874,0.117834724,0.26955944,0.17738262,0.2363077,0.35151693,0
0.2942661,0.24343754,0.26089072,0.19264182,0.25810716,0.20176984,0.16972256,0.32252562,0.23896705,0.28949848,0.21085842,0.19160977,0
0.13131298,0.1912041,0.16033635,0.17402722,0.41998684,0.1961005,0.17656423,0.28810373,0.44084474,0.606157,0.30797824,0.17364492,0
0.11520598,0.3072818,0.13210909,0.14150554,0.27239642,0.16422525,0.28509483,0.16292281,0.2927595,0.44489762,0.22265896,0.13312775,0
0.20349124,0.16004929,0.28158143,0.22537184,0.29015526,0.27675194,0.27077085,0.45776424,0.31678188,0.47899044,0.2368846,0.14514738,0
0.42324984,0.379246,0.22017892,0.13399896,0.17880659,0.07646612,0.07514037,0.12433041,0.3125596,0.23710245,0.21948497,0.33953846,0
0.44460723,0.34336567,0.23428929,0.19357537,0.215251,0.19068152,0.30621436,0.24663189,0.44100827,0.50782984,0.46585467,0.5196505,0
0.19832273,0.28504243,0.17535,0.13233262,0.40988725,0.19545543,0.08878215,0.17080888,0.31576896,0.60094464,0.36313534,0.21538165,0
0.22173399,0.24817848,0.1524521,0.13982554,0.4525132,0.22826052,0.11016448,0.19859743,0.2384505,0.4783516,0.25526398,0.19942096,0
0.45522714,0.36938825,0.22580445,0.16094667,0.13304731,0.117013335,0.29930285,0.2145301,0.42571333,0.46656436,0.42544758,0.5233604,0
0.21112262,0.13741973,0.21968077,0.18678677,0.258985,0.24859639,0.25957552,0.50770414,0.32546374,0.48903325,0.23805776,0.14115252,0
0.27012375,0.3840568,0.33116728,0.25579035,0.20598735,0.07544148,0.06299406,0.07946495,0.21947779,0.1524026,0.15365553,0.24631968,0
0.32361898,0.32360786,0.18960102,0.13707244,0.23548147,0.12311386,0.114359215,0.12285085,0.30858174,0.20200948,0.24566376,0.35194048,0
0.084251866,0.16021207,0.1711874,0.18905924,0.52691853,0.23388332,0.19973944,0.29931557,0.40953872,0.5507947,0.2713935,0.1335171,0
0.3016068,0.2489167,0.22753897,0.20696004,0.23489279,0.116669826,0.17926987,0.17151314,0.38788715,0.4356453,0.37728512,0.39096862,0
0.18201035,0.28545475,0.21085748,0.14033748,0.23104681,0.12143117,0.2962924,0.12801687,0.18136725,0.3254223,0.22177914,0.3103738,0
0.5731581,0.20329675,0.12277032,0.12330821,0.15813409,0.09563808,0.07578874,0.10769034,0.24204476,0.39736137,0.6485685,0.73534983,0
0.13538383,0.13059494,0.15114745,0.33101213,0.50846964,0.22236103,0.15134369,0.12473945,0.16887851,0.20737623,0.40988824,0.45575243,0
0.43777952,0.26350272,0.22516075,0.16510724,0.16364738,0.10549864,0.120027445,0.1908148,0.3677298,0.46681884,0.5036406,0.5157576,0
0.16453747,0.2007762,0.19360459,0.22051917,0.4670953,0.2975511,0.19355021,0.1637593,0.24178772,0.43548527,0.28847232,0.3159338,0
0.16892768,0.2401224,0.27914467,0.31239134,0.4311458,0.35103947,0.27320468,0.19122384,0.2519121,0.40305266,0.2910716,0.2513118,0
0.31021658,0.38002014,0.39268777,0.29925472,0.2718659,0.1242327,0.101107,0.10410712,0.2341177,0.43882123,0.29661694,0.33293012,0
0.21871832,0.3023072,0.31875014,0.25974655,0.2719087,0.13244076,0.1311229,0.11232935,0.2635768,0.5106925,0.30450973,0.28571567,0
0.25530475,0.30522007,0.36317438,0.2540516,0.2549204,0.11251442,0.09102473,0.11478739,0.2890647,0.5698945,0.35172263,0.35695145,0
0.27275172,0.3196282,0.28242227,0.25341102,0.24835984,0.13911055,0.120724894,0.11586478,0.2973231,0.61223066,0.34365976,0.36716375,0
0.19034564,0.34823552,0.36036292,0.31486863,0.3062549,0.11040896,0.07483214,0.08249958,0.2116629,0.4114994,0.24567175,0.22067976,0
0.15669109,0.2200413,0.27120876,0.3133976,0.458276,0.34203196,0.2766551,0.17476729,0.2181227,0.41151583,0.25809467,0.1916373,0
0.050287183,0.095654964,0.09824056,0.13420716,0.40342987,0.11906494,0.16829057,0.09763602,0.33061782,0.35188618,0.11589091,0.10430842,0
0.08686303,0.16860045,0.2058683,0.13204618,0.3159772,0.10620475,0.15827563,0.07807422,0.24393512,0.24973863,0.0977283,0.15426546,0
0.59036565,0.30093956,0.2488788,0.20846619,0.17684335,0.10845952,0.069769084,0.09525005,0.19300644,0.31086552,0.5019461,0.6454866,0
0.10681981,0.11752991,0.17565365,0.28393677,0.23120072,0.15391111,0.17736346,0.12066683,0.14852235,0.14721447,0.24013394,0.17405912,0
0.30957898,0.15275222,0.09103543,0.17014505,0.15273643,0.1512293,0.12826683,0.24098876,0.31549612,0.10392465,0.082138136,0.18335453,0
0.10137366,0.20328565,0.2642458,0.15703775,0.2286052,0.1004896,0.21536952,0.09819102,0.24501264,0.31399325,0.13036543,0.19280337,0
0.08935172,0.10367832,0.0716787,0.084221266,0.31666502,0.12328844,0.28530753,0.20121865,0.21926826,0.17281242,0.1035049,0.28416178,0
0.1869938,0.2505155,0.29768148,0.34100598,0.48985493,0.35430017,0.2561611,0.16674432,0.21673997,0.3712359,0.2650431,0.24634297,0
0.3554221,0.18030156,0.17555559,0.12053683,0.22167742,0.15287374,0.18813774,0.28444916,0.49497008,0.49294445,0.49218178,0.44318822,0
0.09206295,0.075300016,0.03112343,0.11997657,0.54774284,0.15614411,0.18702711,0.08923649,0.23116846,0.21602748,0.09830091,0.12393913,0
0.096322455,0.104240924,0.14200902,0.1959693,0.16603236,0.1761043,0.2616958,0.2016457,0.24779865,0.1786323,0.23919843,0.17703068,0
0.2145657,0.2591153,0.27062264,0.29488397,0.44302246,0.29971838,0.2207481,0.16655006,0.24365965,0.4287664,0.3199698,0.2947706,0
0.23342657,0.170551,0.11818699,0.16040494,0.17565921,0.12973776,0.11786343,0.13938104,0.16669483,0.18410574,0.25743884,0.25565687,0
0.2745224,0.31004038,0.29900643,0.25275958,0.26318085,0.13845913,0.14445506,0.12346728,0.2890843,0.6455558,0.3391651,0.28798732,0
0.25069076,0.32494438,0.36799467,0.2913508,0.2579678,0.13916981,0.16581273,0.10127217,0.21418874,0.4922302,0.28014144,0.3106583,0
0.46200973,0.25468108,0.23872264,0.35320467,0.4687894,0.3052851,0.060210947,0.04578038,0.099047884,0.18433319,0.3411344,0.50250953,0
0.19859318,0.3428228,0.34796715,0.2705999,0.26533917,0.10180212,0.074413426,0.09630106,0.24191225,0.49695566,0.29374352,0.2817684,0
0.2972945,0.26554522,0.16919973,0.26908818,0.12658319,0.102119565,0.06569857,0.090769425,0.15437873,0.122988276,0.12667303,0.15445381,0
0.17560245,0.22714294,0.22094859,0.24664566,0.41683653,0.31436425,0.24658787,0.18125099,0.26334044,0.43799654,0.3183871,0.26573247,0
0.4197991,0.21983394,0.20943144,0.3823754,0.51964414,0.33261353,0.09428624,0.06524327,0.11629754,0.20820764,0.34195533,0.4862436,0
0.4081499,0.20487149,0.3202753,0.27197227,0.20016104,0.14922535,0.13562337,0.14860621,0.19738385,0.27757737,0.38935232,0.5118427,0
0.097707495,0.18481033,0.24071425,0.15776591,0.28394938,0.11832882,0.2297568,0.09500141,0.22569913,0.29941544,0.13455915,0.17871167,0
0.5858511,0.3379774,0.29359,0.20378835,0.15202262,0.092072375,0.047983944,0.07311205,0.17783555,0.29815865,0.46674934,0.6122092,0
0.058571324,0.103033885,0.07554281,0.11606768,0.52739495,0.15752822,0.206211,0.10416424,0.252216,0.35502625,0.12238282,0.177602,0
0.320626,0.33678344,0.3479813,0.31293902,0.27268612,0.14038223,0.13357866,0.15062734,0.31809622,0.56349045,0.39511442,0.41261575,0
0.4868768,0.370364,0.43387762,0.23805802,0.16988946,0.12011961,0.12588696,0.11286429,0.1676463,0.2630909,0.3812528,0.49107137,0
0.15811849,0.27938676,0.39127403,0.3629742,0.40830228,0.20356311,0.21969923,0.21839827,0.18869059,0.2874673,0.2073125,0.22665603,1
0.22996074,0.095383644,0.08080335,0.21081902,0.37392277,0.15601063,0.10238244,0.24119811,0.37269652,0.46056098,0.36677438,0.341103,1
0.27761966,0.4537319,0.35608485,0.2925887,0.28422678,0.15543517,0.16747174,0.13970171,0.19682851,0.21315454,0.24414086,0.26002747,1
0.15429246,0.115999356,0.14827822,0.14335108,0.33523834,0.07935379,0.042139184,0.10983141,0.18873532,0.5727225,0.20386687,0.091710225,1
0.26202342,0.14041243,0.14357851,0.256884,0.49411997,0.52167463,0.5285607,0.517323,0.44767138,0.47043797,0.25853196,0.28548282,1
0.3879971,0.2446155,0.24313144,0.17077056,0.16184276,0.10714959,0.09848778,0.2266772,0.24217358,0.39754698,0.24030925,0.20773643,1
0.23772074,0.11042764,0.34275797,0.15236452,0.32414433,0.22453497,0.10361854,0.08789047,0.15589614,0.5274716,0.1815356,0.21769063,1
0.13873775,0.07882767,0.15982354,0.1995437,0.42716518,0.25362316,0.14926568,0.13697322,0.16040349,0.47003174,0.18917303,0.27426746,1
0.116204925,0.0670025,0.24936603,0.15157723,0.498279,0.21788451,0.08356017,0.06648728,0.14932768,0.54773355,0.17423671,0.17492469,1
0.343601,0.18932343,0.20964964,0.15097341,0.30376896,0.2357143,0.19573084,0.23474072,0.31950325,0.40616634,0.34179592,0.33483183,1
0.3451622,0.1856752,0.25887895,0.19265999,0.1871948,0.07329361,0.096578956,0.21474396,0.19495963,0.2354166,0.17646267,0.28593525,1
0.43916944,0.2587504,0.23045927,0.24016564,0.39847285,0.26227015,0.32112724,0.4950282,0.40237215,0.4283486,0.3827187,0.5021374,1
0.40033782,0.30434534,0.36341867,0.3260811,0.4201803,0.31081948,0.21209256,0.23177315,0.2850635,0.42330173,0.34978262,0.30607364,1
0.23358579,0.1757059,0.29233536,0.112043954,0.13057818,0.07528983,0.086503215,0.32369536,0.30243808,0.6420408,0.30489933,0.07263803,1
0.15158379,0.14264913,0.23384075,0.1728025,0.16355136,0.21755558,0.20818298,0.33697087,0.31411478,0.37588954,0.36614758,0.17147188,1
0.083072565,0.07330895,0.31429112,0.12050104,0.38386422,0.14335845,0.064639345,0.0984926,0.12614045,0.17535983,0.092452936,0.13022685,1
0.29698125,0.15364943,0.15874983,0.27478898,0.52554584,0.5135071,0.5039289,0.49210355,0.37326968,0.36703017,0.22644822,0.32308385,1
0.31771645,0.19589218,0.1999519,0.12186681,0.15539542,0.096352495,0.15238316,0.40828416,0.29218414,0.38989058,0.17950681,0.17090908,1
0.14034235,0.2313159,0.3772953,0.40550408,0.4243382,0.21271753,0.18714526,0.2564148,0.19398426,0.2986528,0.19266075,0.22109254,1
0.066132344,0.084362455,0.20931038,0.08383143,0.096670516,0.14158839,0.32303542,0.8496751,0.29487535,0.19673163,0.1029018,0.08056705,1
0.14983642,0.066743195,0.10630827,0.043347634,0.080507025,0.12580197,0.07236506,0.22948945,0.1618313,0.47310773,0.15729524,0.024344226,1
0.14954725,0.094787,0.15747286,0.103019245,0.2337493,0.1732907,0.13694134,0.23860729,0.39461935,0.40940508,0.25699267,0.24347377,1
0.41755694,0.31048074,0.2854378,0.32952186,0.4620995,0.43420482,0.44686106,0.45174047,0.42291382,0.48909208,0.43489736,0.48777822,1
0.17873542,0.16527918,0.31902885,0.17311996,0.13786866,0.14457482,0.1877058,0.39955115,0.31119362,0.36859924,0.28466797,0.15741572,1
0.22800095,0.08943681,0.27111337,0.18165882,0.39094344,0.25874335,0.10730845,0.09261788,0.1658291,0.5459437,0.22500804,0.28509665,1
0.20216258,0.1461864,0.22326984,0.1374618,0.1405214,0.07879944,0.08876229,0.24480769,0.30774903,0.5812142,0.2919855,0.13884786,1
0.3441712,0.16420488,0.1789038,0.13644877,0.24816495,0.120503284,0.11444534,0.22930701,0.2335719,0.28947568,0.20941369,0.24830091,1
0.20079921,0.1533126,0.16838486,0.16584675,0.24131641,0.12402761,0.20665103,0.3107346,0.26981524,0.36642092,0.1925227,0.18846105,1
0.21931204,0.14955802,0.20045951,0.15020527,0.23084094,0.08921767,0.051229384,0.16587175,0.23105311,0.6323587,0.3047672,0.1628186,1
0.23355478,0.11044967,0.229696,0.14911167,0.34145492,0.25434738,0.18033387,0.29413667,0.20751666,0.4103824,0.13079777,0.12799829,1
0.17940456,0.10122315,0.18471065,0.08937154,0.1557983,0.13969366,0.12158031,0.31579936,0.28640002,0.51834536,0.21467297,0.06822849,1
0.15169282,0.3104339,0.26568517,0.24839395,0.2949613,0.19164093,0.32783732,0.16646597,0.12503687,0.23748522,0.19233316,0.1920017,1
0.15857732,0.20763293,0.27867383,0.2675444,0.40024295,0.1855601,0.18633021,0.10432506,0.09760386,0.17234318,0.118563175,0.2378985,1
0.26861897,0.16987541,0.24134026,0.13095336,0.22694679,0.18225805,0.12129147,0.1734399,0.2801176,0.3416088,0.38416532,0.40563917,1
0.35972348,0.2773059,0.35622743,0.2758492,0.33433467,0.24598734,0.14371142,0.14287862,0.18959847,0.27909377,0.22061327,0.25323197,1
0.16210832,0.08797834,0.084546074,0.15080948,0.30883896,0.14402728,0.18273324,0.37529352,0.347042,0.41510817,0.2626523,0.26790237,1
0.18584982,0.25766134,0.24024697,0.18597922,0.2537914,0.16863558,0.3313371,0.104170136,0.09458022,0.18909943,0.13564548,0.24607292,1
0.3155679,0.20290044,0.32240507,0.21240732,0.13048904,0.19115482,0.14955854,0.29156744,0.21548419,0.25312135,0.33518344,0.22993523,1
0.38221246,0.2296559,0.349468,0.25976056,0.19486497,0.09057436,0.09832783,0.18416792,0.14864215,0.14870219,0.13417006,0.33283523,1
0.26175228,0.11055005,0.32193628,0.14892873,0.38147664,0.3009347,0.14027058,0.067598924,0.1073961,0.35402617,0.13577497,0.20376405,1
0.34241012,0.15077731,0.16991924,0.091367565,0.13872173,0.110829666,0.1659491,0.34273025,0.2931116,0.3718803,0.2340473,0.20197773,1
0.37305972,0.18790042,0.18386576,0.23606768,0.46266127,0.36181602,0.3830605,0.46169856,0.40404645,0.4395144,0.272154,0.35215366,1
0.28275207,0.26124385,0.34022522,0.2660326,0.38442543,0.28667736,0.18777388,0.1845213,0.24044155,0.35044697,0.23464505,0.21252659,1
0.15596993,0.13030438,0.22058564,0.14115383,0.21260773,0.24090321,0.25904605,0.41467962,0.45527375,0.30651593,0.24882165,0.25093448,1
0.20277816,0.1750287,0.2564891,0.111274675,0.091806464,0.045209795,0.12390269,0.58092564,0.28495327,0.26652372,0.19674376,0.20367436,1
0.45872787,0.26740885,0.20622799,0.122417,0.11819852,0.16866319,0.18071704,0.34825706,0.25628665,0.22965688,0.26305178,0.24735922,1
0.22592655,0.08212293,0.24914353,0.15527508,0.33499926,0.2214705,0.10083755,0.083003454,0.16549179,0.5826426,0.23273966,0.30694112,1
0.12106174,0.09531861,0.12133624,0.19071372,0.2753395,0.1491764,0.24604891,0.34616095,0.34692898,0.46386233,0.23724264,0.16835725,1
0.2304512,0.14830695,0.21371895,0.10799949,0.14203337,0.059493806,0.1235832,0.38339347,0.3433352,0.44573426,0.30654526,0.27581224,1
0.1801744,0.14924069,0.29697654,0.12272161,0.13328154,0.09379737,0.13241142,0.38272583,0.28999707,0.55065435,0.2536937,0.07247824,1
0.27709168,0.21375005,0.2283429,0.16652158,0.2665669,0.13328983,0.17742391,0.16914918,0.09771435,0.16593333,0.095481455,0.2775737,1
0.42824534,0.13143498,0.12244861,0.13138483,0.36601374,0.24630366,0.1542166,0.24838789,0.16828075,0.33314988,0.1050958,0.1485084,1
0.1779055,0.091846995,0.18236384,0.17745182,0.41646513,0.24621192,0.15884109,0.22557406,0.17153691,0.39294612,0.14403953,0.21851198,1
0.18832664,0.22705002,0.382206,0.24434134,0.18097557,0.18536474,0.18411975,0.33186933,0.37400222,0.4252482,0.3488371,0.2161292,1
0.28314486,0.15406623,0.14045838,0.23707838,0.37521163,0.15656562,0.1297016,0.23736136,0.31859514,0.40749508,0.29549918,0.27602535,1
0.13613349,0.067582615,0.12202526,0.05311911,0.13157928,0.14699045,0.06440739,0.16460769,0.15511774,0.5138288,0.17007796,0.023854086,1
0.36684117,0.2874367,0.3305776,0.25440755,0.3532022,0.3217003,0.20894739,0.19716538,0.2056473,0.3013272,0.22466464,0.2217729,1
0.11865324,0.08554235,0.26576188,0.11346551,0.29879522,0.15353204,0.114016645,0.19827218,0.26283738,0.22887799,0.14550397,0.18664017,1
0.37332743,0.3182138,0.36902523,0.32137084,0.33674118,0.32216746,0.39313057,0.3695543,0.44075978,0.40272987,0.43764213,0.47053283,1
0.10747097,0.10344561,0.24119264,0.07674441,0.061825857,0.08415647,0.2458308,0.84240544,0.21348567,0.12388396,0.08006976,0.10243435,1
0.40844414,0.2562067,0.348657,0.2001905,0.13715112,0.3028949,0.14628129,0.2268772,0.14410964,0.16922809,0.2357901,0.2263793,1
0.38915372,0.22920763,0.19903795,0.16147695,0.1554654,0.07465088,0.07009465,0.17142086,0.26680762,0.56204367,0.30068654,0.20343687,1
0.30730966,0.23564887,0.33855563,0.21989538,0.18520536,0.07557462,0.10986881,0.24370766,0.22411032,0.27044842,0.17544225,0.22393358,1
0.24517399,0.1967212,0.33684105,0.20560065,0.1708007,0.07184995,0.12107658,0.29484755,0.22239026,0.28958318,0.14367369,0.18124342,1
0.2245737,0.10517873,0.15561655,0.21239918,0.45392862,0.2466434,0.14147443,0.18286233,0.1680962,0.42742428,0.1624146,0.2630457,1
0.15565273,0.07652201,0.16553722,0.18008856,0.37513384,0.19965003,0.13079302,0.18341544,0.18127006,0.44735235,0.179918,0.28739953,1
0.1925903,0.062286697,0.13878304,0.10714064,0.48177335,0.120657034,0.04155237,0.14324367,0.108387716,0.26691848,0.12927653,0.28415564,1
0.32796416,0.21590194,0.280008,0.16938528,0.16566789,0.07735823,0.12845357,0.36995035,0.28574347,0.3467474,0.27662295,0.3571939,1
0.27350134,0.19923642,0.22659488,0.20494601,0.2739973,0.18066117,0.10961264,0.15949243,0.19812489,0.44478425,0.21906938,0.184989,1
0.11595402,0.10652044,0.26634225,0.11456698,0.26712266,0.16106518,0.14543155,0.2357872,0.2949039,0.29707485,0.17096436,0.1844161,1
0.15155219,0.10676146,0.1874975,0.08053257,0.17410599,0.15474658,0.09579468,0.2992798,0.19901094,0.43134168,0.17375118,0.039369296,1
0.2889081,0.26234785,0.3941881,0.3105005,0.22444916,0.10597677,0.09718295,0.19960979,0.17211887,0.20804806,0.16055052,0.2555745,1
0.32938775,0.2490627,0.33153194,0.23519477,0.16201113,0.21515632,0.19807155,0.32934833,0.2919742,0.31347167,0.29294026,0.23821996,1
0.09452401,0.046975255,0.09112576,0.3128635,0.6730195,0.17234105,0.11479265,0.13588932,0.22184168,0.10606739,0.10670035,0.27003768,1
0.3803647,0.2615202,0.2612318,0.337497,0.51051426,0.2684761,0.15286224,0.20809792,0.21707548,0.29861706,0.1925429,0.21156576,1
0.29786372,0.062095307,0.02455237,0.08783134,0.07584864,0.04024952,0.070224814,0.22986366,0.2427348,0.3599804,0.2677692,0.3874403,1
0.18094018,0.13540165,0.22009863,0.14448804,0.13580655,0.0824803,0.06337959,0.13198309,0.23226611,0.657461,0.22258526,0.08658158,1
0.23728265,0.1412503,0.1754224,0.11675037,0.22190394,0.067216836,0.0471217,0.14347497,0.21950512,0.64249873,0.2459528,0.11187974,1
0.38083187,0.2886415,0.34972587,0.24530105,0.3247123,0.29766402,0.19719517,0.18033096,0.20945182,0.29918346,0.21457946,0.23700726,1
0.27298498,0.12993169,0.20971335,0.13795468,0.11214838,0.07692405,0.12535785,0.2971171,0.3010958,0.38509318,0.2981255,0.30291107,1
0.15535499,0.22642536,0.16511863,0.22347757,0.3013055,0.22504601,0.27459174,0.36945117,0.37586138,0.47061872,0.2669569,0.17426246,1
0.42118508,0.21571429,0.25217366,0.16313106,0.22734226,0.06541219,0.07343951,0.16079812,0.2996223,0.4738596,0.32450983,0.40467605,1
0.28417057,0.32135618,0.46488008,0.28600878,0.27804574,0.16067648,0.14537318,0.17173867,0.19819565,0.23565707,0.16821343,0.207518,1
0.17729959,0.078105,0.122974254,0.16241175,0.4194661,0.2533645,0.16555552,0.20817214,0.18841793,0.40597942,0.1815189,0.3070526,1
0.04276243,0.04020962,0.08144291,0.065810025,0.1195836,0.17302714,0.35900387,0.91616017,0.3562316,0.21184303,0.105124116,0.06546168,1
0.18271036,0.17930532,0.27565452,0.22494915,0.19923376,0.38629737,0.21866924,0.29674384,0.2346518,0.2564548,0.25884548,0.1601255,1
0.27185696,0.11860911,0.19505411,0.19436525,0.4142058,0.21523401,0.12728116,0.15121652,0.13984841,0.32566845,0.16044448,0.32511997,1
0.12138684,0.06414803,0.09883954,0.18160164,0.2823681,0.1389546,0.14839804,0.33161706,0.42340267,0.4855839,0.3658221,0.34307864,1
0.36349982,0.17075153,0.17630586,0.12679225,0.28125665,0.24765103,0.17432173,0.20512019,0.25173151,0.40562913,0.2861881,0.30876428,1
0.30690634,0.1614034,0.14930391,0.12859938,0.23884413,0.2718318,0.21773033,0.23560262,0.30201837,0.46773744,0.31884408,0.2934779,1
0.23210381,0.18404034,0.26973465,0.097999364,0.12339972,0.050663162,0.10826365,0.42054078,0.3632454,0.7216126,0.3460583,0.074920125,1
0.21455659,0.26769972,0.40758124,0.28889808,0.23894809,0.10245842,0.08956457,0.2602673,0.29876846,0.39956152,0.27966395,0.21489212,1
0.15759099,0.10882116,0.13051875,0.14028452,0.27375707,0.14161357,0.0763264,0.170515,0.24480446,0.6705715,0.22951831,0.104708716,1
0.12543169,0.09696438,0.27590278,0.13959126,0.36731654,0.19384639,0.1241274,0.1767498,0.21288717,0.22218192,0.16704533,0.23763925,1
0.28177482,0.13404985,0.117182165,0.16871902,0.5428008,0.117659934,0.081364326,0.28450572,0.15495828,0.15530655,0.12288713,0.16403061,1
0.3135456,0.17437612,0.18578228,0.2790048,0.4440627,0.12833203,0.12038183,0.2600319,0.13546722,0.12727793,0.14222161,0.28654227,1
0.45026433,0.30618897,0.28559783,0.27861407,0.37685767,0.2713126,0.29547134,0.47486678,0.40469545,0.4408685,0.41025054,0.4890878,1
0.1450841,0.11448064,0.20145062,0.14386207,0.24621375,0.24172969,0.21413139,0.31988838,0.44213066,0.36539,0.22176345,0.20044354,1
0.43625,0.3346173,0.3220094,0.36672997,0.48981375,0.43467736,0.43422872,0.4310778,0.40539658,0.4404303,0.43430695,0.51324934,1
0.444528,0.11435645,0.1265386,0.07462378,0.13151078,0.07194278,0.17463829,0.24259348,0.1729165,0.30055186,0.16313906,0.34462252,1
0.4810925,0.2740476,0.24207814,0.23246805,0.27674767,0.23473264,0.15168673,0.18928756,0.15467213,0.25998902,0.29776525,0.44895062,1
0.3264853,0.12462434,0.19046709,0.103743695,0.21904837,0.16584282,0.11695341,0.12225231,0.17644207,0.32668892,0.113201745,0.1379983,1
0.17962109,0.13193852,0.3046784,0.18664643,0.25346437,0.17226714,0.2220861,0.3670209,0.31639606,0.35317656,0.19122317,0.27836826,1
0.30426475,0.123674124,0.12293917,0.1496798,0.33582827,0.17118707,0.16572663,0.2213983,0.26741686,0.3649287,0.21525364,0.31889966,1
0.14484839,0.1080821,0.15596378,0.21000612,0.40727934,0.19661486,0.15035097,0.28608492,0.24978197,0.37870246,0.2323168,0.20438676,1
0.28084216,0.2011156,0.27155265,0.33221787,0.4131876,0.3113626,0.1757331,0.22446498,0.15620854,0.24026343,0.16415223,0.16410694,1
0.2568612,0.17334202,0.27828738,0.24543117,0.35922024,0.26311547,0.11872081,0.1526908,0.12671667,0.31654307,0.20620333,0.20584697,1
0.32147422,0.09848156,0.16082713,0.10750137,0.23573613,0.07777275,0.1090712,0.1792275,0.21811494,0.4618306,0.15492627,0.19916162,1
0.23848526,0.1380029,0.1665066,0.15709789,0.22559775,0.1474208,0.1732953,0.3278712,0.32294217,0.41676208,0.32201704,0.38931155,1
0.15431805,0.12919259,0.24926357,0.20910132,0.329511,0.18004033,0.13728227,0.20817505,0.28138906,0.52227294,0.31643185,0.2444407,1
0.339055,0.17389254,0.24800353,0.14317258,0.26969934,0.10326369,0.15836509,0.25625148,0.24489371,0.38307354,0.23168331,0.290325,1
0.23566453,0.14518984,0.31077352,0.31725723,0.36356667,0.326848,0.13037772,0.068341285,0.06508657,0.18864721,0.1167907,0.15060237,1
0.31965876,0.093131885,0.07248882,0.12504455,0.361867,0.16523139,0.209577,0.41953796,0.2912494,0.47340295,0.18520044,0.20354252,1
0.22511174,0.16586998,0.23269416,0.2460447,0.3276485,0.2085944,0.17263116,0.2637683,0.32034865,0.36957437,0.30242333,0.3187698,1
0.20786545,0.15689369,0.2700141,0.30757204,0.4577861,0.28830975,0.1325525,0.14152159,0.12468274,0.32334796,0.1798213,0.16479288,1
0.39035338,0.21915488,0.29806715,0.16774794,0.26658085,0.07980769,0.13437912,0.26283458,0.16679259,0.3186649,0.1343416,0.23221362,1
0.3500492,0.21347313,0.29896247,0.17881371,0.28087428,0.10777273,0.18212819,0.2868344,0.20147884,0.36467594,0.17238022,0.21907052,1
0.32830834,0.1934329,0.3322506,0.2533984,0.32434794,0.22493441,0.12425696,0.13502146,0.12982868,0.31075713,0.23010974,0.24316096,1
0.23431297,0.08912874,0.08014405,0.13798696,0.40689734,0.3006137,0.3237351,0.36134782,0.28084078,0.42013785,0.18537547,0.20078228,1
0.25884432,0.10319232,0.16729409,0.08273519,0.18280369,0.16369225,0.22374047,0.30993623,0.20941004,0.4004997,0.100193344,0.11813781,1
0.38102663,0.11566475,0.08396213,0.11994597,0.32870784,0.31131923,0.30220038,0.33447242,0.24680345,0.35722125,0.18126945,0.21855974,1
0.43721244,0.1996952,0.2481392,0.13919736,0.23504049,0.06536998,0.12789401,0.27598998,0.17272197,0.32872897,0.18110022,0.2939997,1
0.21902534,0.19176395,0.27006048,0.25372753,0.24999245,0.19933489,0.1937377,0.3077691,0.3852343,0.47992963,0.3660466,0.3058272,1
0.2562293,0.1116536,0.20506032,0.1363913,0.24228632,0.123635344,0.16368788,0.29773358,0.24958709,0.32908133,0.15103403,0.2552019,1
0.27487642,0.19142225,0.25945878,0.21932903,0.3078062,0.27382255,0.121715225,0.13146384,0.10284005,0.202572,0.10668495,0.14675076,1
0.18936665,0.21866612,0.5851502,0.20940524,0.18106338,0.12301506,0.22291404,0.13063124,0.13465801,0.4371295,0.13579896,0.15774332,1
0.43188688,0.15520932,0.15421483,0.13887182,0.3199849,0.118640356,0.16413184,0.28611076,0.1779014,0.28416952,0.0998297,0.20715457,1
0.2587471,0.14588723,0.15103936,0.22901137,0.50394577,0.22492929,0.16684598,0.2859409,0.26523677,0.30273455,0.2295849,0.31597078,1
0.25659025,0.12351059,0.21975723,0.16712977,0.342486,0.3134645,0.14089878,0.14273907,0.0924348,0.20217815,0.11560904,0.18661319,1
0.30601746,0.1192233,0.09081782,0.10671079,0.2203835,0.13137144,0.18852012,0.33469275,0.2619403,0.3062723,0.22906268,0.41008663,1
0.2396257,0.09827595,0.09955711,0.11559138,0.33413595,0.10046016,0.07938737,0.17440528,0.41587657,0.5327653,0.38467553,0.5415367,1
0.22883494,0.100001216,0.10710998,0.13782533,0.32123122,0.19459926,0.21273714,0.2976627,0.30722588,0.3273654,0.18567841,0.2837468,1
0.37456286,0.10060005,0.09061548,0.10649953,0.34660786,0.091708735,0.101995386,0.12840599,0.25347653,0.5137539,0.16249308,0.17781505,1
0.42879763,0.159588,0.19976485,0.10985995,0.21867694,0.05809194,0.09606428,0.18829742,0.17646486,0.41971493,0.18287955,0.2890688,1
0.32933062,0.13185026,0.16932541,0.12633534,0.2880614,0.09555631,0.13073799,0.21458358,0.22443995,0.41243747,0.23207714,0.28195617,1
0.08563115,0.06466047,0.1935912,0.16274533,0.14983419,0.30212393,0.14451584,0.2759264,0.08977101,0.109399326,0.27678877,0.12185431,2
0.12774974,0.16011576,0.4135076,0.3191283,0.20406897,0.4237826,0.19908962,0.20061268,0.100593664,0.133416,0.36677825,0.18889666,2
0.20376407,0.16268444,0.20139864,0.23017177,0.3615749,0.47612137,0.30503064,0.18298416,0.17637914,0.33809024,0.22788508,0.160927,2
0.031163838,0.03777442,0.19844173,0.1868481,0.12805314,0.49559164,0.26323718,0.21665873,0.11201516,0.122258745,0.33350006,0.16101053,2
0.25758907,0.25241756,0.26400298,0.4807582,0.34818098,0.30442062,0.27406713,0.24272676,0.23334987,0.25050768,0.30747783,0.26315755,2
0.19030061,0.092462614,0.2078729,0.26807284,0.19163883,0.2354226,0.13027363,0.17544045,0.2699618,0.25141042,0.15100309,0.10802409,2
0.28875628,0.19694701,0.26119578,0.14109224,0.112593025,0.2988916,0.17167976,0.27540228,0.12371729,0.15725641,0.21500336,0.1749394,2
0.20145147,0.114180006,0.23539217,0.4534455,0.38122177,0.38002983,0.22996752,0.16125526,0.15446037,0.23456049,0.11713333,0.097056285,2
0.21731697,0.13767442,0.17387336,0.1284064,0.19147289,0.3870602,0.20064677,0.2233612,0.18469411,0.32571122,0.19582194,0.15693013,2
0.35786512,0.14125815,0.1648964,0.3087813,0.13082862,0.2630609,0.101864465,0.14504036,0.067624144,0.08841297,0.2942231,0.18594694,2
0.12805198,0.16903093,0.17919162,0.36803982,0.23783724,0.25622573,0.17463766,0.19000253,0.1576962,0.203573,0.34245294,0.19905345,2
0.18633637,0.13572781,0.33770967,0.44115832,0.21047369,0.17153814,0.12563139,0.1780094,0.24177673,0.19982873,0.12459435,0.111174606,2
0.2884052,0.26599696,0.4241903,0.26741785,0.27272004,0.38056585,0.31798393,0.4173945,0.3365215,0.45048064,0.3284723,0.2650378,2
0.12023774,0.11922122,0.34404486,0.32833892,0.23072653,0.39193946,0.17501926,0.1409971,0.09294034,0.13418606,0.44424003,0.23860967,2
0.28955162,0.17605679,0.26269108,0.27055147,0.15932257,0.2484463,0.105223745,0.11493716,0.16465814,0.1573755,0.2501196,0.21979257,2
0.13971753,0.1461492,0.3276148,0.24060865,0.16529296,0.3638775,0.19509472,0.26203215,0.15584339,0.16497876,0.37102276,0.21550247,2
0.104227684,0.12362493,0.15855713,0.09746142,0.06224797,0.13577035,0.13324648,0.40743616,0.36835247,0.15867783,0.27510422,0.2010879,2
0.25163376,0.20655318,0.20021395,0.535134,0.4067574,0.19171531,0.19149554,0.19542345,0.22507559,0.23689117,0.31500122,0.25784147,2
0.08794098,0.14898293,0.41507822,0.30323774,0.15996474,0.34255388,0.16066407,0.17506787,0.091716796,0.12444568,0.34844384,0.15912983,2
0.35093755,0.13776994,0.1633349,0.3384042,0.13417095,0.21073142,0.085433245,0.136024,0.08855072,0.114997596,0.30674034,0.18106514,2
0.191677,0.14655097,0.29137683,0.38994402,0.29286176,0.3185137,0.19273907,0.16619696,0.30863616,0.2658215,0.2228245,0.19549373,2
0.27826434,0.24319336,0.37295663,0.2367948,0.2652364,0.3720407,0.31892002,0.45716706,0.339161,0.39162007,0.29203188,0.26621318,2
0.5082042,0.19612142,0.19447693,0.24574062,0.09411156,0.15359446,0.070782885,0.15378511,0.08352408,0.11091831,0.28023434,0.22319096,2
0.21762936,0.19904831,0.20439759,0.58614105,0.5744901,0.20199628,0.16291034,0.13848583,0.15476848,0.15508597,0.2267286,0.20055157,2
0.2760171,0.25805438,0.46020982,0.28562716,0.23854998,0.321626,0.2557911,0.39796785,0.25592217,0.3304537,0.22468893,0.21140714,2
0.20647612,0.12442482,0.2924769,0.40590835,0.22539786,0.16444996,0.08060935,0.11812085,0.23282376,0.18579082,0.15053816,0.14008912,2
0.20467465,0.1702773,0.26541552,0.17613305,0.23406796,0.43946832,0.21516034,0.20580405,0.1576937,0.28793743,0.18455628,0.15111601,2
0.40331534,0.15500976,0.16027056,0.21725976,0.09830599,0.23549148,0.08695757,0.13977976,0.053117152,0.09219122,0.2673713,0.18080825,2
0.12989023,0.36869526,0.19397382,0.19579364,0.19918552,0.12898172,0.05996493,0.11155527,0.13701966,0.19888099,0.24728455,0.12235989,2
0.23195983,0.23172489,0.3579783,0.23497838,0.25735646,0.3263428,0.2737266,0.400088,0.33598685,0.43475163,0.37635866,0.2616909,2
0.48387435,0.1824024,0.16928905,0.2808273,0.11406754,0.21028017,0.08022823,0.11452522,0.07849609,0.12655364,0.2960644,0.21999744,2
0.17646681,0.1466847,0.26292956,0.17533095,0.2474395,0.4299399,0.17357762,0.12219268,0.1260875,0.3248354,0.19355603,0.10450917,2
0.30126885,0.19968896,0.29601887,0.19067799,0.10163825,0.15421863,0.13023765,0.2516507,0.17199264,0.21760195,0.23460485,0.24345604,2
0.25095084,0.24549372,0.24591726,0.43577775,0.36639434,0.35515088,0.34398478,0.319392,0.2790511,0.2689259,0.29384294,0.25675166,2
0.21392149,0.12904823,0.16822328,0.26334876,0.15910858,0.25684243,0.10336455,0.08577557,0.13050272,0.21892044,0.49725285,0.34134787,2
0.21412243,0.24167539,0.26732618,0.6049888,0.35311985,0.2572194,0.24713938,0.19618179,0.18394448,0.18488818,0.22836195,0.18987378,2
0.4080654,0.49934188,0.4191164,0.24715367,0.15369587,0.23618273,0.10803699,0.18449283,0.17652087,0.14592986,0.18144436,0.21216455,2
0.216767,0.13374063,0.28534505,0.4344619,0.3270718,0.3005411,0.16773225,0.1290306,0.1624174,0.1861707,0.12847772,0.09721354,2
0.14805001,0.13330673,0.27207068,0.36909938,0.1968285,0.19789423,0.09477391,0.09536371,0.14977857,0.22261347,0.4523938,0.29591298,2
0.16649608,0.11422693,0.2948523,0.5372481,0.19135885,0.058256503,0.05992147,0.26300693,0.16091272,0.08590669,0.16129184,0.14128102,2
0.11306714,0.14075196,0.30658194,0.18146469,0.24439384,0.46662393,0.1884138,0.1420128,0.1255244,0.259151,0.20353295,0.099960774,2
0.24056558,0.117883235,0.18881351,0.30919468,0.2798209,0.34295157,0.20932354,0.19639215,0.27750477,0.2982289,0.19640745,0.17069739,2
0.159892,0.11362068,0.31471238,0.45360035,0.21379288,0.13910896,0.09647929,0.17963369,0.3279437,0.21016034,0.111068,0.12559903,2
0.24509546,0.21861589,0.31557015,0.25259542,0.32367048,0.4696892,0.30746466,0.37499127,0.29240733,0.3817925,0.35211924,0.24765716,2
0.19161656,0.10793543,0.17558964,0.29863927,0.1429659,0.16857877,0.069808826,0.13314554,0.1847132,0.27082178,0.47404617,0.35382304,2
0.3428069,0.203816,0.20208026,0.10759099,0.11749054,0.30565307,0.1527117,0.19109963,0.13557333,0.19870831,0.2891842,0.22972725,2
0.24761984,0.24479987,0.41467267,0.29165667,0.27641127,0.33296415,0.2694514,0.36597243,0.29501382,0.39462525,0.3370569,0.24864052,2
0.24474214,0.23669733,0.2713478,0.40418908,0.36039543,0.3590302,0.3307532,0.3090087,0.29583153,0.30841354,0.336403,0.27471173,2
0.3266303,0.28613365,0.45966527,0.2539832,0.24509968,0.29552025,0.2775059,0.39626017,0.31104794,0.43856218,0.3110821,0.30324042,2
0.07279876,0.096407644,0.28381798,0.5075368,0.2606068,0.26231974,0.15880057,0.24976087,0.093702,0.09410523,0.2823216,0.15026394,2
0.23744245,0.13919112,0.15717809,0.21592396,0.12609524,0.13671565,0.131532,0.3714921,0.1858691,0.18675826,0.28338382,0.23363422,2
0.21434519,0.12699786,0.27983716,0.10596717,0.07439028,0.29069546,0.14540105,0.17635466,0.10846824,0.19537848,0.3104553,0.15126847,2
0.41456813,0.2457262,0.2027512,0.15892464,0.14996986,0.2932283,0.18687704,0.24533421,0.14773084,0.16368225,0.25897416,0.2608359,2
0.23439562,0.18382634,0.2210747,0.23472732,0.11928062,0.18538922,0.07326392,0.077561356,0.121024154,0.27377954,0.4523321,0.32537788,2
0.23754257,0.21320993,0.22169065,0.4778336,0.38254145,0.30238903,0.29549628,0.2695148,0.2546994,0.23501824,0.2614127,0.22743568,2
0.210363,0.1952384,0.2968051,0.22678076,0.278841,0.47953746,0.24745554,0.20491101,0.15723331,0.23596348,0.18362457,0.15946205,2
0.22362693,0.20268503,0.25389487,0.16183361,0.2508261,0.43399557,0.18349779,0.12618162,0.1466576,0.31105617,0.1849415,0.12768388,2
0.22885944,0.21120045,0.36921287,0.34356356,0.2841313,0.25371957,0.3160722,0.40267152,0.3063426,0.32950214,0.22795807,0.3241976,2
0.31706598,0.197305,0.36285508,0.32952926,0.2333704,0.21404928,0.2876624,0.43344963,0.24062097,0.18604691,0.18563916,0.35243496,2
0.25756934,0.19884236,0.3480673,0.24217568,0.28352875,0.18638472,0.24680595,0.41134024,0.3774067,0.30936402,0.34855753,0.34179214,2
0.15906845,0.07957407,0.22187749,0.41624832,0.49086145,0.45322698,0.1911069,0.05865204,0.04224998,0.10661064,0.33108234,0.20891814,2
0.25574827,0.0987954,0.109593965,0.06035514,0.09165076,0.31346998,0.25645304,0.22461914,0.106240794,0.19554707,0.3228677,0.14554615,2
0.35992756,0.20142253,0.20603496,0.14230664,0.14440201,0.19938502,0.17410058,0.307858,0.19191316,0.24995442,0.23632102,0.17365775,2
0.2620471,0.18295287,0.32708585,0.29244158,0.23642813,0.20201635,0.31473732,0.4725319,0.2602139,0.17444101,0.21705115,0.44175577,2
0.12968053,0.0753495,0.16948403,0.30013257,0.34960917,0.3417118,0.17398976,0.11759398,0.21572223,0.33714142,0.45130533,0.24447234,2
0.1808947,0.091504626,0.25993815,0.46428105,0.5190841,0.46308067,0.19882356,0.07115983,0.04665661,0.09641798,0.26642826,0.17566721,2
0.080742806,0.055048693,0.107924774,0.06288994,0.051933058,0.056967307,0.06815331,0.14677146,0.2823434,0.4267807,0.8547092,0.35575828,2
0.33168316,0.17666991,0.17477591,0.08721921,0.10563219,0.26671034,0.19375873,0.253578,0.14700568,0.19104117,0.34202138,0.218666,2
0.36319855,0.240626,0.23724984,0.119231254,0.12138996,0.24211626,0.21201806,0.29062057,0.19321014,0.24947102,0.25913396,0.18438461,2
0.3047431,0.19722445,0.247357,0.14240798,0.15674481,0.264375,0.22128986,0.29882956,0.20203675,0.22953719,0.2656417,0.19835763,2
0.375105,0.174807,0.17018029,0.059966095,0.07094782,0.22520071,0.23406772,0.22236693,0.1780882,0.3003979,0.4329198,0.2377009,2
0.24475263,0.11542799,0.23436442,0.37383044,0.4331054,0.5040163,0.26325938,0.12981705,0.057951435,0.0958438,0.23458482,0.16729921,2
0.20231822,0.08063326,0.1460999,0.28631237,0.4343067,0.6693107,0.33743286,0.07003852,0.03814535,0.07856226,0.17594475,0.12640715,2
0.14381507,0.069745764,0.17551823,0.33207825,0.427549,0.48601124,0.26153013,0.08012031,0.07276505,0.16497666,0.44257566,0.28798395,2
0.29907128,0.17919971,0.31641448,0.15981482,0.13986963,0.22899534,0.15361898,0.2524374,0.21835205,0.35483593,0.3672128,0.20878863,2
0.21676737,0.10200682,0.2169813,0.37937957,0.458145,0.5416978,0.2942198,0.103296146,0.04631664,0.07462166,0.23149617,0.15970789,2
0.565314,0.41420886,0.35133985,0.31309122,0.2993215,0.3115492,0.32015607,0.4344014,0.4549488,0.5180539,0.5667947,0.59295094,3
0.23582192,0.25801688,0.25121298,0.2723379,0.3817115,0.3248919,0.14875768,0.2008583,0.11332737,0.16353643,0.1963686,0.23239616,3
0.25005552,0.24563733,0.27145147,0.27017674,0.28962213,0.3684322,0.39878088,0.38982382,0.30436084,0.2961978,0.33554778,0.27771503,3
0.4529621,0.4366509,0.5271761,0.33689785,0.17650543,0.10160615,0.09520331,0.10494111,0.113071136,0.23797382,0.32183495,0.31842613,3
0.49508378,0.48012194,0.38597158,0.38154072,0.42648628,0.2503681,0.26903448,0.37768117,0.38469875,0.41323125,0.48831686,0.562417,3
0.12714887,0.07711842,0.19345152,0.352113,0.38070706,0.428103,0.3661563,0.36474133,0.47023097,0.33997157,0.16523969,0.089518234,3
0.3420924,0.17980509,0.2078753,0.16064543,0.1552083,0.3368266,0.23776834,0.24753287,0.25481993,0.3413478,0.48871148,0.27392614,3
0.2687696,0.21751885,0.2502474,0.15605645,0.17870955,0.3156436,0.35783097,0.45942113,0.3607088,0.3288651,0.34635636,0.27553654,3
0.24778374,0.216437,0.23451203,0.26872438,0.18715571,0.24395452,0.22195266,0.2209996,0.26325753,0.2525655,0.20835447,0.19137381,3
0.39645427,0.20065022,0.09658398,0.27000093,0.26903883,0.3925269,0.2717726,0.23628934,0.2399095,0.16413148,0.13536146,0.13053268,3
0.20596503,0.23744023,0.24409626,0.352612,0.31983465,0.3004681,0.31103837,0.26048616,0.31421202,0.2538634,0.3049972,0.17901012,3
0.09973148,0.1360081,0.24147438,0.3914191,0.3172399,0.42276913,0.32433584,0.24929374,0.26286143,0.20333777,0.15769191,0.10764815,3
0.35470665,0.45239127,0.1712687,0.08424951,0.10585186,0.23437166,0.11105603,0.06762189,0.11178035,0.14585401,0.340605,0.29933947,3
0.5235825,0.43206716,0.4368818,0.31557873,0.21705134,0.17136545,0.117891565,0.12069593,0.15083511,0.2507955,0.35183933,0.3953399,3
0.27235198,0.1796367,0.16735715,0.5926088,0.80806154,0.25268447,0.28743294,0.4157911,0.4298161,0.4092429,0.39277336,0.3835555,3
0.3315838,0.1891342,0.1819449,0.38730553,0.32406712,0.35222462,0.27268696,0.28430474,0.24735591,0.21592334,0.28605717,0.22884874,3
0.2048014,0.49570745,0.13460596,0.11000265,0.032219306,0.06894273,0.104465865,0.097702764,0.28823096,0.16892688,0.27105737,0.08629188,3
0.31831414,0.1700792,0.17059168,0.34960955,0.26900977,0.38133565,0.2340677,0.20387414,0.28219715,0.21764345,0.17692238,0.20657174,3
0.2216593,0.12480002,0.32168183,0.13517617,0.1432699,0.24190812,0.27126068,0.38180104,0.2133106,0.18488675,0.21110395,0.23765782,3
0.32564002,0.48135763,0.17991418,0.06992146,0.11151639,0.2308056,0.12726678,0.07558053,0.12436458,0.1431358,0.3010778,0.23112504,3
0.20816468,0.2847491,0.20074265,0.32782632,0.24085945,0.25325376,0.15493159,0.20352004,0.33568424,0.3369685,0.4214839,0.257093,3
0.22410116,0.077466354,0.2026024,0.41424093,0.2268152,0.30875835,0.26462805,0.30156937,0.4184852,0.2837063,0.13380025,0.094400845,3
0.46136838,0.23415977,0.09332861,0.13096815,0.1406133,0.3637093,0.23835859,0.134482,0.17422529,0.18697542,0.37618205,0.18765707,3
0.30463758,0.2629653,0.30837664,0.36383936,0.54159784,0.4614404,0.29632804,0.24255198,0.21869534,0.31760195,0.43665802,0.39106897,3
0.4007221,0.36527708,0.4836903,0.3840402,0.27556428,0.19546767,0.21702355,0.1424162,0.15199865,0.24022487,0.20370257,0.27406758,3
0.2745936,0.1771928,0.18723391,0.20832184,0.28013888,0.47609982,0.31281388,0.28284296,0.24869823,0.21684435,0.13974956,0.13754964,3
0.49698594,0.39611703,0.29013178,0.4292679,0.49078926,0.25623506,0.26748624,0.4276434,0.3633579,0.49007758,0.5794359,0.51237726,3
0.20980883,0.2868977,0.2810366,0.316555,0.2596798,0.27656943,0.29148823,0.23864236,0.29874435,0.2486692,0.34670538,0.18698688,3
0.18167832,0.21771854,0.17263043,0.28621235,0.23524502,0.35061365,0.19408189,0.17853266,0.24815801,0.2597423,0.5209869,0.3082363,3
0.4344196,0.4118277,0.50546527,0.36882868,0.23006023,0.15762939,0.14471106,0.17736682,0.22073509,0.3142039,0.39059356,0.38044813,3
0.3897102,0.513229,0.18847923,0.06070008,0.1025397,0.2341873,0.12750788,0.070432425,0.09860417,0.13093455,0.2773557,0.24202034,3
0.33394787,0.4966141,0.17699912,0.07883071,0.11694459,0.2737708,0.14160447,0.0732549,0.10724127,0.12612732,0.2589913,0.20936686,3
0.26340598,0.3650158,0.31039292,0.3330032,0.27149212,0.26607367,0.33898,0.22797847,0.27661553,0.24299707,0.33952376,0.20377153,3
0.1833405,0.19115725,0.28057295,0.2871074,0.23395461,0.20409982,0.17865902,0.21938346,0.27224985,0.2929934,0.28177583,0.20179814,3
0.21084216,0.38082248,0.18877572,0.25091892,0.17925322,0.3952578,0.22515474,0.125143,0.21116513,0.21136482,0.3141397,0.18622348,3
0.43010724,0.26786783,0.2293607,0.36659873,0.4900561,0.31763518,0.36764657,0.5593221,0.685774,0.5859957,0.5223946,0.52935016,3
0.29552394,0.15435418,0.18280174,0.39325505,0.2572556,0.31830063,0.19943394,0.21551122,0.3272946,0.23055017,0.18675599,0.22503795,3
0.345153,0.22052632,0.12825863,0.15684298,0.16073298,0.31999817,0.15919653,0.13052827,0.14633837,0.1950287,0.46670026,0.18955399,3
0.39111108,0.260049,0.29522648,0.29187617,0.18039793,0.1917332,0.12079035,0.14352995,0.26225248,0.35985515,0.5610145,0.39450774,3
0.14895093,0.14537092,0.22803476,0.5253813,0.21152796,0.21809614,0.16663021,0.20545831,0.19525269,0.18246184,0.124053754,0.094759345,3
0.3874165,0.47325358,0.71242225,0.6088947,0.37184706,0.24105468,0.24911349,0.117877714,0.10004366,0.15214671,0.16088814,0.28893965,3
0.2099313,0.29369646,0.23683842,0.28602767,0.2514524,0.2819108,0.26828817,0.22820027,0.3577354,0.30296746,0.39174303,0.19246145,3
0.5190756,0.35817418,0.37708098,0.22260053,0.16712311,0.11579443,0.11509981,0.15297627,0.18370785,0.33246005,0.44876778,0.42617533,3
0.32170793,0.5087751,0.18688504,0.09167219,0.12079415,0.23248954,0.17509006,0.081797525,0.08166386,0.11953124,0.229384,0.18067804,3
0.30889404,0.26374698,0.28758463,0.3486701,0.18285118,0.22230168,0.12521836,0.14504793,0.28746524,0.3618095,0.49689245,0.3259988,3
0.36867175,0.5196101,0.16769469,0.046264,0.11404649,0.31461427,0.18655542,0.06489003,0.07088272,0.09413905,0.20224924,0.18728207,3
0.2064027,0.5820598,0.15103206,0.055166055,0.028776458,0.09661529,0.13055678,0.09545773,0.33981562,0.096006274,0.15640597,0.08073143,3
0.5799231,0.38476026,0.27376089,0.2419109,0.24786377,0.27851263,0.4345117,0.685399,0.8365229,0.8293855,0.7663695,0.7187885,3
0.1988836,0.25242314,0.20684254,0.34406036,0.24725549,0.340033,0.3916066,0.27313986,0.29894605,0.21383643,0.25975892,0.13936047,3
0.34576583,0.49610466,0.16872995,0.04794277,0.07839041,0.22428952,0.08912418,0.041407727,0.09446202,0.11230346,0.2463815,0.20069551,3
0.15321332,0.1269853,0.47629204,0.13213645,0.08983937,0.23595837,0.19546445,0.34579894,0.13786136,0.12829311,0.12428909,0.08635284,3
0.47216952,0.3496026,0.2942355,0.42766953,0.47573766,0.3353786,0.4005117,0.5622145,0.63711697,0.6455588,0.6323467,0.59061164,3
0.401055,0.34849137,0.29603365,0.48192522,0.60165894,0.26939875,0.26962173,0.414952,0.37345245,0.41538322,0.47261798,0.47343633,3
0.4259775,0.40492514,0.4764698,0.38318366,0.25973222,0.18150608,0.11678574,0.091392845,0.17386647,0.3828715,0.21279782,0.27943218,3
0.56241584,0.38129005,0.34339786,0.26739323,0.14286983,0.17816561,0.10990241,0.17353374,0.22174717,0.24225351,0.39755008,0.37546158,3
0.23540549,0.111238204,0.2312978,0.08812914,0.103395976,0.22370063,0.2476055,0.30240354,0.15915866,0.19324401,0.22332442,0.22979221,3
0.29505712,0.25453067,0.28763214,0.19648473,0.18317562,0.27266276,0.3252757,0.48106742,0.36365083,0.3046275,0.33341122,0.2700063,3
0.24056195,0.19469003,0.33890978,0.49248493,0.22065642,0.22906645,0.12889905,0.13791688,0.20299748,0.30141175,0.47663823,0.30781263,3
0.1036948,0.34082904,0.09931457,0.13098933,0.038294386,0.11615543,0.16923475,0.09226528,0.28702918,0.08852497,0.17045805,0.18790257,3
0.2003718,0.20573574,0.23819478,0.23376405,0.24235766,0.34574836,0.37285984,0.4444091,0.36941487,0.32192832,0.3271536,0.23627509,3
0.40796587,0.4126692,0.54786885,0.42984632,0.27960333,0.19956736,0.20906894,0.15347245,0.15015914,0.21929792,0.27394488,0.3140692,3
0.18327329,0.37596306,0.08875844,0.08731333,0.037764058,0.11844492,0.22028343,0.12151589,0.37025118,0.13308918,0.20972355,0.12647703,3
0.44554406,0.3240453,0.28543642,0.38795808,0.44198638,0.34457436,0.44555375,0.6562543,0.7377701,0.70219344,0.6108153,0.55795753,3
0.20298591,0.12128846,0.30358428,0.096629374,0.14669569,0.18938683,0.2200392,0.3136361,0.123381495,0.11295235,0.15152723,0.20462206,3
0.15568143,0.18902028,0.18264255,0.34750536,0.2676819,0.29881373,0.1713994,0.16276741,0.25419268,0.20684697,0.36480057,0.17941737,3
0.22384806,0.08934862,0.116367355,0.39961177,0.28288183,0.38991484,0.24442726,0.21897496,0.2861065,0.18830398,0.12507392,0.121959224,3
0.33195844,0.09952949,0.14439008,0.07324819,0.20962033,0.3851845,0.15650104,0.15039092,0.07963044,0.16325405,0.18925242,0.1478317,3
0.25810316,0.12152273,0.2269157,0.097703956,0.12859644,0.28216183,0.28595704,0.31560147,0.16163734,0.17340836,0.17978527,0.18229376,3
0.28049597,0.25661626,0.29443717,0.18724808,0.19611554,0.33109787,0.302327,0.32431325,0.2503325,0.2551606,0.32660165,0.28369686,3
0.2087846,0.124732815,0.33910197,0.10541445,0.10015772,0.2783408,0.29498678,0.45948225,0.233813,0.15164188,0.09760724,0.092387326,3
0.21216522,0.3439919,0.26721144,0.28581586,0.23430905,0.2276332,0.3204573,0.23191762,0.32546514,0.27593392,0.3591781,0.1697584,3
0.4038237,0.3340712,0.31828693,0.32393083,0.16607727,0.1376597,0.10078727,0.18639201,0.24317552,0.3053585,0.43923876,0.3330297,3
0.22654372,0.51944786,0.11698865,0.06633966,0.025556145,0.07894791,0.14139898,0.09286985,0.2842329,0.10663907,0.19788443,0.14529485,3
0.16264777,0.26192042,0.17292163,0.28309265,0.25879893,0.52323765,0.21591844,0.09755922,0.15278053,0.16341144,0.31188345,0.17705344,3
0.15055303,0.18044491,0.226138,0.19292004,0.1997799,0.3622456,0.32916188,0.3158535,0.2839114,0.27718407,0.30317652,0.20075439,3
0.25127906,0.21524768,0.28923687,0.4618678,0.62087566,0.45189217,0.28704906,0.23493594,0.23228721,0.30705628,0.37336916,0.3244595,3
0.19084267,0.22155264,0.18022819,0.29440627,0.20391475,0.28273192,0.43804166,0.24185976,0.25638807,0.19180988,0.3038071,0.14643982,3
0.2040873,0.24890867,0.062014226,0.098965526,0.04265506,0.10143387,0.0843231,0.092306845,0.30386633,0.20396172,0.4230026,0.11397941,3
0.19015132,0.10999752,0.3313115,0.103643544,0.08168896,0.16967663,0.1389362,0.32699692,0.16335523,0.23362643,0.20853351,0.12022228,3
0.33957228,0.2520246,0.28413826,0.18896519,0.16808252,0.2135627,0.28256994,0.39610887,0.31589836,0.32832706,0.4192392,0.361318,3
0.25614536,0.1260017,0.14496599,0.3852465,0.28778043,0.36536038,0.24976721,0.2332784,0.33781922,0.26131377,0.20436874,0.18628462,3
0.29787678,0.16135585,0.16594101,0.32464546,0.3315146,0.41983074,0.33251286,0.2890186,0.32574236,0.2318521,0.14304058,0.14145766,3
0.11114017,0.3060345,0.097761646,0.15222245,0.04279331,0.12699595,0.32523644,0.10470977,0.23537369,0.101035304,0.27938792,0.23486668,3
0.24186246,0.15137658,0.19860287,0.3421307,0.25668156,0.2986312,0.20346095,0.21826746,0.23359838,0.25176343,0.273089,0.20203808,3
0.38943535,0.3239775,0.36657715,0.34183738,0.17950687,0.1955914,0.12031287,0.15417513,0.26106828,0.3420932,0.5096416,0.3765068,3
0.39678827,0.2339272,0.12332289,0.16208604,0.14986537,0.3759585,0.22354174,0.1527236,0.15897252,0.157515,0.37401158,0.18191165,3
0.47739804,0.45087785,0.55865306,0.42289418,0.2607459,0.16648386,0.15336172,0.11349134,0.14358713,0.24927506,0.2972493,0.35919574,3
0.63539946,0.52120435,0.44573638,0.34475738,0.19343321,0.16691358,0.128651,0.19577818,0.2573849,0.27906534,0.38650188,0.45591632,3
0.22357412,0.2781992,0.17984276,0.21646279,0.19679964,0.38919413,0.2323476,0.15103535,0.20264095,0.26672536,0.4891276,0.29856017,3
0.31411627,0.2159987,0.24490397,0.17637011,0.18900228,0.28123364,0.2965677,0.3684535,0.29477185,0.28654462,0.39551568,0.3496537,3
0.17708385,0.09233258,0.2589281,0.081110545,0.084077224,0.20041078,0.24247882,0.4375119,0.25035477,0.20450868,0.20534492,0.17604034,3
0.22677132,0.3478921,0.3291148,0.37647974,0.25945145,0.19058555,0.27137133,0.24122408,0.31266266,0.2650697,0.33388457,0.19170745,3
0.18998183,0.20835623,0.2601289,0.41027653,0.2753721,0.17472668,0.13908304,0.20328191,0.29374832,0.27280545,0.4094134,0.19159564,3
0.46290806,0.2021426,0.17018974,0.17011134,0.15844263,0.3558555,0.2096493,0.22583339,0.21723865,0.23337704,0.38871425,0.24740641,3
0.5414789,0.22872594,0.10494216,0.13989992,0.2173678,0.53211904,0.24090073,0.150142,0.14581224,0.15780288,0.31196916,0.19472536,3
0.20672826,0.32901114,0.16848883,0.18813181,0.16131335,0.3100343,0.19314425,0.17400905,0.24232176,0.30939513,0.54699636,0.29724756,3
0.55084586,0.5110136,0.54988223,0.44048896,0.26448622,0.2693469,0.13675535,0.06246266,0.10587918,0.15496811,0.21108659,0.3569578,3
0.19364834,0.19559282,0.19694547,0.23942226,0.19441602,0.22827458,0.3804964,0.23700553,0.3084935,0.15443106,0.17471004,0.2508967,4
0.22899066,0.49749014,0.311781,0.13395987,0.11108945,0.11222468,0.10760569,0.16694462,0.34866634,0.3291441,0.29756021,0.21422347,4
0.19061352,0.29839483,0.20320937,0.11640121,0.16340989,0.19624792,0.4656871,0.22867839,0.12116004,0.09550501,0.16257927,0.2863959,4
0.29169467,0.3405308,0.3061777,0.31638113,0.199188,0.14751498,0.106110305,0.14458129,0.343744,0.34643584,0.38816658,0.30070826,4
0.28379416,0.3390112,0.17832647,0.16724525,0.20477727,0.25177628,0.4794489,0.30134583,0.3664386,0.309728,0.3057614,0.27887353,4
0.098894395,0.16551757,0.13743821,0.19046997,0.18440124,0.24789469,0.4995072,0.18696585,0.099411696,0.096540205,0.31511196,0.28444833,4
0.25793177,0.3332234,0.2295508,0.37401134,0.25907332,0.16081236,0.31618893,0.14467993,0.27478477,0.12455303,0.20212562,0.39143512,4
0.15603997,0.2783444,0.13779242,0.21159422,0.21564916,0.20433258,0.5022575,0.2107305,0.202679,0.13072367,0.27483386,0.34266412,4
0.21369502,0.35154697,0.43399256,0.52024025,0.3578186,0.30086273,0.3209719,0.17078769,0.21823545,0.33521757,0.52641326,0.3268882,4
0.2815321,0.34033048,0.2089906,0.1997614,0.317114,0.38101074,0.5517124,0.30607742,0.21060322,0.18241991,0.22509862,0.29333496,4
0.33670008,0.29970977,0.1385405,0.14410551,0.21995384,0.26579872,0.48300713,0.2908181,0.22780606,0.2942148,0.29388422,0.2728731,4
0.31020036,0.35192478,0.3461056,0.22329009,0.14968613,0.11741668,0.12825239,0.18529634,0.32378477,0.4310906,0.51917416,0.37995428,4
0.2154576,0.25072542,0.19730246,0.2749095,0.25384253,0.18584815,0.28557,0.144401,0.14905882,0.101310976,0.19268169,0.4256051,4
0.15215355,0.074232616,0.041759923,0.03820049,0.069174126,0.1082104,0.08210403,0.22034606,0.5643373,0.72940487,0.81245536,0.38150418,4
0.26305297,0.15991646,0.08246902,0.12308396,0.108851336,0.17622612,0.5557491,0.25445136,0.18253897,0.24053092,0.32654116,0.49923986,4
0.20369758,0.2489098,0.38744435,0.44040433,0.32293606,0.22362244,0.18236153,0.18387756,0.4193007,0.56267023,0.5599427,0.32814717,4
0.37835363,0.15757878,0.15975039,0.26330048,0.23491326,0.14963786,0.08076294,0.09621487,0.18676852,0.45899934,0.7714667,0.6375776,4
0.16321316,0.19873777,0.137264,0.14360812,0.18555433,0.16820379,0.09564037,0.17802398,0.46322495,0.55161536,0.5490768,0.28871322,4
0.27087367,0.44117227,0.22389746,0.22066832,0.18995972,0.2359673,0.28215316,0.2571415,0.4256893,0.15158978,0.10460951,0.28886783,4
0.33769026,0.18917593,0.12970059,0.19959295,0.3619273,0.28849626,0.40573356,0.17247146,0.16191858,0.24986093,0.3162209,0.4592201,4
0.2864318,0.35599798,0.5166779,0.56199485,0.428986,0.32119843,0.27766526,0.26307476,0.37372175,0.4574772,0.576932,0.40496877,4
0.33395,0.41371524,0.23939757,0.24332069,0.25066087,0.32576087,0.51714694,0.290362,0.17914362,0.13309525,0.28863582,0.4232307,4
0.1823515,0.26908043,0.23475519,0.36101368,0.4119352,0.37424427,0.40473157,0.2629496,0.26430503,0.14607552,0.29242462,0.2886526,4
0.23460537,0.34019607,0.24067624,0.17658396,0.14056909,0.117107175,0.11829782,0.19914533,0.41629875,0.43706873,0.44971266,0.29797265,4
0.111875124,0.2695609,0.17099443,0.20855318,0.195852,0.2497014,0.53741634,0.17294587,0.06855797,0.079256214,0.251089,0.25101215,4
0.20913196,0.25148073,0.15531006,0.30809027,0.23428918,0.124149725,0.33020163,0.1003579,0.091651306,0.054320473,0.12514754,0.4110985,4
0.14497705,0.1461379,0.19026206,0.31927127,0.3507104,0.33286208,0.47579116,0.46558607,0.4574215,0.4012478,0.27484778,0.26723582,4
0.12239486,0.2201381,0.16912872,0.28896233,0.41085905,0.3422491,0.40089592,0.24386948,0.31412944,0.10890388,0.12370666,0.22007251,4
0.24839193,0.4664702,0.23290233,0.19005816,0.18306883,0.2556543,0.24901508,0.21326347,0.44173458,0.13986954,0.087597035,0.25633916,4
0.27607638,0.38433456,0.47861436,0.5132276,0.40084216,0.3537484,0.372824,0.25806138,0.29852742,0.39708626,0.5291175,0.3752789,4
0.30672175,0.371094,0.20517239,0.2773268,0.2669099,0.23367149,0.48811403,0.23603013,0.1990572,0.13261622,0.28886247,0.38417253,4
0.23172902,0.30084884,0.15571165,0.30185544,0.20256862,0.13763554,0.3692695,0.15577643,0.21786678,0.13002814,0.2722682,0.40192464,4
0.147719,0.24557798,0.19298251,0.31490925,0.22464134,0.19440003,0.29619265,0.10486914,0.054343037,0.06805675,0.28926742,0.3190061,4
0.35635394,0.2925578,0.26572657,0.35280618,0.31952092,0.28688246,0.26101935,0.26625785,0.34513143,0.23883882,0.36663252,0.434645,4
0.2624222,0.46832907,0.21460493,0.19707009,0.17701821,0.19108151,0.2501999,0.22469084,0.40789923,0.12806283,0.09819698,0.3164276,4
0.25508514,0.19057064,0.17892261,0.18114243,0.27563038,0.28791723,0.34716144,0.22549923,0.1757036,0.19139427,0.3189302,0.5221438,4
0.29976457,0.30263567,0.18776365,0.19240281,0.25377172,0.3049124,0.5269757,0.30794314,0.25368676,0.30625546,0.34612405,0.31977507,4
0.17627347,0.20113996,0.17308326,0.18050297,0.17656687,0.16223589,0.1042345,0.17844483,0.43830338,0.52847546,0.5573326,0.3031299,4
0.1577704,0.18518646,0.18910432,0.28493726,0.15346278,0.18366955,0.44294775,0.35163668,0.2258837,0.12132679,0.15145673,0.23391029,4
0.25104457,0.35788646,0.15573101,0.21457253,0.18474619,0.098079965,0.24418539,0.11559324,0.12760311,0.099783964,0.18325932,0.34721094,4
0.101661414,0.17454484,0.13970631,0.20683365,0.16956349,0.21510348,0.44591075,0.15124224,0.09769469,0.10263316,0.3381669,0.3107942,4
0.30317658,0.31180692,0.2087494,0.33195394,0.17692126,0.12504369,0.30872047,0.1278097,0.27448973,0.14574833,0.30689925,0.5207164,4
0.31727254,0.36962605,0.3191916,0.31839064,0.28114957,0.23146057,0.17007612,0.18518476,0.2554025,0.2893175,0.37738952,0.31575137,4
0.2264838,0.20735468,0.114808284,0.13994181,0.19141431,0.20579639,0.3765892,0.14420427,0.12202184,0.19041713,0.30913708,0.47913942,4
0.15222193,0.23604237,0.19037136,0.278078,0.13984583,0.16003916,0.37903726,0.2598904,0.31761223,0.14844128,0.13039069,0.20451537,4
0.28475296,0.28531528,0.2518885,0.47077835,0.26953784,0.20357955,0.35027945,0.17479949,0.27336526,0.17456329,0.26948225,0.46837878,4
0.16754042,0.16103959,0.21215062,0.36637232,0.19178052,0.18915161,0.34905925,0.206467,0.2608291,0.123043865,0.18363084,0.24674617,4
0.1918924,0.33734125,0.17769474,0.19347426,0.17540225,0.18400125,0.22831623,0.24018754,0.56472296,0.15406561,0.07993037,0.23584427,4
0.4414071,0.3499594,0.25657624,0.318839,0.361777,0.31199554,0.35873374,0.28193778,0.25162274,0.25500137,0.3574204,0.5029958,4
0.39388207,0.3203849,0.28400934,0.23476976,0.13825148,0.10402607,0.14183882,0.20654313,0.34371892,0.43546712,0.5328017,0.48741043,4
0.11820542,0.13478813,0.11881664,0.22439669,0.14898776,0.15157759,0.35784155,0.12524371,0.07235901,0.08727616,0.33143064,0.36145025,4
0.28680527,0.3882724,0.17120846,0.1462115,0.20152363,0.29076928,0.53648406,0.31399316,0.3176898,0.25476655,0.2948826,0.27340588,4
0.1549778,0.29270917,0.20488662,0.26108637,0.18922442,0.1524138,0.3101682,0.080919094,0.04713563,0.04467745,0.20259264,0.28256175,4
0.29488757,0.37036246,0.26992682,0.32437232,0.25068307,0.2107837,0.41093808,0.22708714,0.26530847,0.14153212,0.21744315,0.37091285,4
0.19694795,0.30219296,0.37225997,0.41473803,0.2990609,0.24152108,0.25006917,0.15876363,0.2585193,0.4248412,0.61973935,0.35418922,4
0.2449368,0.28642818,0.22393525,0.37789387,0.3229246,0.23130186,0.1927593,0.15166274,0.25400358,0.2719739,0.30723646,0.25620902,4
0.21191628,0.20432681,0.107578605,0.23460817,0.18091005,0.109985754,0.21737635,0.09843981,0.06440385,0.063919224,0.1924732,0.4271827,4
0.13916065,0.26919654,0.2472377,0.21656829,0.26678216,0.3477097,0.41032422,0.40248483,0.3218325,0.26668987,0.24252294,0.17674205,4
0.29451737,0.23807146,0.20885976,0.19774604,0.22318026,0.21005705,0.4532649,0.26245147,0.18756448,0.22634949,0.35323113,0.461809,4
0.24794996,0.35117665,0.16158983,0.26850313,0.20364808,0.15447153,0.31080657,0.1647358,0.13046478,0.11427777,0.2078113,0.34398335,4
0.24427222,0.25719002,0.16803688,0.13175067,0.16342205,0.17494729,0.16764577,0.25264826,0.48554468,0.54507047,0.5302478,0.32638407,4
0.2600165,0.16651446,0.1285216,0.28302717,0.16642195,0.14140734,0.094391935,0.10276556,0.27306247,0.27874956,0.43067497,0.32207435,4
0.23860334,0.27392718,0.45353624,0.5015531,0.37375864,0.2747736,0.23811485,0.21133156,0.3333189,0.47113684,0.63882685,0.4102474,4
0.15421322,0.1587426,0.14872411,0.28784162,0.15583476,0.1980402,0.4270651,0.22072035,0.2924582,0.13480097,0.18031697,0.23568313,4
0.34133613,0.25194877,0.19523491,0.18460456,0.16406682,0.18025488,0.42913908,0.24966821,0.19882792,0.24955088,0.36099672,0.58682877,4
0.33020988,0.5076442,0.2046595,0.1739254,0.22806084,0.28143468,0.48489556,0.32130614,0.35434207,0.2484776,0.2857399,0.28093094,4
0.270782,0.2657276,0.17197418,0.25026318,0.41874945,0.3971838,0.47012293,0.35056677,0.25657383,0.245504,0.29443184,0.31641144,4
0.23058933,0.3686512,0.21112557,0.27034146,0.22113962,0.2885427,0.3595683,0.28514016,0.39387473,0.16320123,0.11772674,0.24118409,4
0.1524927,0.18325329,0.16465412,0.25884032,0.17017451,0.20957118,0.38458982,0.2233198,0.28525013,0.15879962,0.17838478,0.20565864,4
0.1463291,0.2567328,0.1386838,0.13708627,0.10136603,0.12481942,0.26553237,0.10150991,0.07237367,0.11679076,0.40256843,0.34669572,4
0.16805057,0.18988444,0.1910065,0.38139653,0.20269586,0.1538337,0.31142786,0.2022397,0.36504135,0.11155325,0.12231936,0.22891016,4
0.1808739,0.23172438,0.113916665,0.27645543,0.27496135,0.14063382,0.32172135,0.12865783,0.124006964,0.07897063,0.20202361,0.3797606,4
0.28614482,0.12791127,0.112494156,0.17808357,0.3326289,0.36159965,0.54997844,0.22655964,0.1441414,0.1995798,0.29675004,0.48152384,4
0.25233555,0.20845906,0.13921782,0.14458607,0.24113278,0.27762577,0.34193128,0.24434677,0.21173778,0.19398288,0.30106655,0.52701205,4
0.19287597,0.30402622,0.30467197,0.1252916,0.087241426,0.1640313,0.46668208,0.19340336,0.13324991,0.16770142,0.2052509,0.3558184,4
0.24367055,0.40307108,0.49726415,0.54727954,0.38748038,0.31737307,0.35200262,0.23473093,0.25754842,0.3465653,0.48910078,0.33669952,4
0.30060172,0.1897462,0.13686784,0.17091101,0.26484808,0.3040779,0.44201177,0.23498894,0.16296366,0.15926568,0.31819713,0.52036464,4
0.16116323,0.12959187,0.12176188,0.2849636,0.15176103,0.19928052,0.42011815,0.20086153,0.2785943,0.13771123,0.2235114,0.2617534,4
0.17166856,0.1643241,0.15094294,0.20136797,0.18959853,0.22499637,0.48074028,0.22700217,0.18192092,0.16874258,0.19729403,0.24749784,4
0.14967705,0.10810663,0.1107469,0.25252253,0.14781784,0.17981547,0.53907984,0.23930319,0.15877971,0.08890812,0.1422625,0.29485616,4
0.50417256,0.4890807,0.34176177,0.2700166,0.25102308,0.23142925,0.2339704,0.26845515,0.29994726,0.27408555,0.30197594,0.4409556,4
0.1368766,0.15077116,0.113889806,0.2261217,0.22480592,0.21028298,0.3446637,0.22997704,0.24405701,0.20560226,0.1948775,0.23487544,4
0.16917212,0.16445251,0.14884914,0.23619322,0.19740768,0.23097214,0.56072235,0.29259074,0.21297987,0.16548839,0.22130774,0.27558962,4
0.54625285,0.35725808,0.25168967,0.20908503,0.19891986,0.21019562,0.25209552,0.40028062,0.504755,0.52502495,0.47359622,0.53278834,4
0.14940917,0.1092233,0.0950139,0.20404904,0.16309808,0.17972071,0.41738278,0.21046554,0.1833138,0.15317744,0.1919995,0.29074582,4
0.21662834,0.13558507,0.1813057,0.2313823,0.40724894,0.25837994,0.231541,0.4832842,0.21260633,0.15239735,0.0946819,0.17757231,5
0.0806574,0.30476287,0.32989997,0.10299838,0.15915897,0.1585833,0.33930275,0.16021818,0.09387339,0.23792364,0.091834284,0.15254126,5
0.057281524,0.18278724,0.20357513,0.12514773,0.3357812,0.19270624,0.32281724,0.14754084,0.110987365,0.31266785,0.10435536,0.12776035,5
0.15958376,0.18788292,0.27195182,0.16478729,0.25188825,0.24308677,0.5039557,0.3031478,0.16262211,0.1939806,0.17160971,0.26755327,5
0.106233,0.09867743,0.28575715,0.15063184,0.2591714,0.13567337,0.23223343,0.2662067,0.11726586,0.19351472,0.12582758,0.26538116,5
0.32321808,0.3559022,0.31593397,0.30195114,0.35817698,0.24933027,0.2798638,0.23281723,0.25090328,0.3887421,0.3441062,0.40279132,5
0.15958352,0.21600224,0.20434017,0.18067126,0.1622053,0.22468619,0.4918322,0.20814559,0.20080139,0.3900686,0.2779068,0.26858503,5
0.05810987,0.19025293,0.19960566,0.1250143,0.30578914,0.19517021,0.32755724,0.19144575,0.15226333,0.31027585,0.09801548,0.11398346,5
0.3007855,0.3554913,0.322796,0.2928107,0.33236548,0.23103529,0.2929168,0.26742637,0.24153966,0.4169894,0.32383066,0.3559529,5
0.18505204,0.1952322,0.18362859,0.116752945,0.12963147,0.16019493,0.46857658,0.2953707,0.13631539,0.10863727,0.17408969,0.35193753,5
0.22344914,0.2524439,0.21579112,0.15234601,0.14622207,0.17032005,0.40120533,0.19897336,0.2042751,0.31298223,0.28724337,0.34153423,5
0.26525053,0.32122147,0.16463092,0.17771488,0.23465325,0.30782562,0.42694506,0.3102561,0.20526676,0.17902155,0.23832162,0.35505342,5
0.20831868,0.3371354,0.49368966,0.13487941,0.12142297,0.14947774,0.2999448,0.29520783,0.2485395,0.28830516,0.18517539,0.25105965,5
0.16238485,0.1684746,0.25436923,0.11924984,0.1789368,0.1778049,0.32475367,0.2569821,0.13330252,0.17077376,0.129315,0.3313098,5
0.20735344,0.14314657,0.27144352,0.22275801,0.3517309,0.20483954,0.19339435,0.1838005,0.13127862,0.21625893,0.18466765,0.38931865,5
0.27165273,0.2941248,0.13494767,0.16105738,0.20247704,0.29319894,0.41641414,0.29840344,0.221834,0.21310154,0.2742053,0.37050208,5
0.07274994,0.23628053,0.2678935,0.1018534,0.18982036,0.17187168,0.3431092,0.13704288,0.09273969,0.27463874,0.11068023,0.16798355,5
0.37048817,0.35716382,0.38804495,0.4035173,0.37871975,0.32268465,0.30116946,0.31175688,0.42125866,0.604835,0.5117842,0.40965408,5
0.09027895,0.27404076,0.1478877,0.25222892,0.3084335,0.15996173,0.22974472,0.20690306,0.317266,0.21126327,0.09453194,0.081656225,5
0.2742007,0.23190816,0.28764036,0.15687084,0.2268512,0.13168262,0.21026526,0.07023086,0.05902778,0.13571951,0.21440099,0.43012986,5
0.14249219,0.16643059,0.17516996,0.074407436,0.087585516,0.142838,0.4635902,0.31889927,0.1834301,0.17707117,0.1654943,0.35640863,5
0.13590139,0.18746917,0.26631603,0.35923603,0.5557511,0.43931636,0.28541446,0.23779552,0.16612296,0.20135708,0.12631856,0.25650865,5
0.29751,0.14077644,0.28042552,0.20127256,0.28547952,0.16213112,0.16883822,0.3892918,0.16516794,0.15305787,0.08695098,0.25115535,5
0.14168596,0.18760565,0.17555086,0.14739652,0.19247651,0.225563,0.43525994,0.18282774,0.15874651,0.30778196,0.21680188,0.26874956,5
0.15095118,0.21338557,0.19610654,0.17922755,0.31221458,0.30711636,0.41621876,0.34739038,0.19076799,0.11655904,0.124572515,0.20588118,5
0.23421946,0.101883054,0.12824579,0.13931505,0.16664669,0.09424292,0.13836782,0.2129946,0.124263495,0.20478305,0.28210863,0.58800894,5
0.16769207,0.13073711,0.063932315,0.052585002,0.1063233,0.17520808,0.33165058,0.25960144,0.17332427,0.2136269,0.2621065,0.4694821,5
0.36352187,0.35734352,0.4156399,0.41060302,0.43594435,0.3626246,0.36228085,0.35976496,0.3845918,0.46188492,0.382339,0.38822255,5
0.29030287,0.30429482,0.28071332,0.20400366,0.1718455,0.11702001,0.2892666,0.11645556,0.11057945,0.2081294,0.22515291,0.35462925,5
0.20132141,0.2866098,0.5556413,0.2587448,0.21560697,0.20659187,0.36469302,0.32584384,0.26263627,0.29165113,0.21757722,0.32258025,5
0.12515125,0.2111143,0.30724946,0.08898668,0.076791584,0.098766744,0.38400558,0.2305936,0.1470383,0.11734826,0.13192783,0.34551316,5
0.28015372,0.42197973,0.26167482,0.21897525,0.3744643,0.24419019,0.30512267,0.25703162,0.22409454,0.35264468,0.26804316,0.2950277,5
0.31045172,0.33184057,0.23376991,0.17841473,0.2904005,0.2389863,0.4398124,0.34603342,0.23292308,0.24950267,0.2574373,0.36661205,5
0.3581873,0.2905582,0.19344962,0.13571782,0.13236839,0.18495408,0.25216624,0.21129696,0.28378695,0.36649743,0.3977229,0.40292934,5
0.20483297,0.22420506,0.11111906,0.08994668,0.23781201,0.22576734,0.3155242,0.27654153,0.17205586,0.27040422,0.21468991,0.31507385,5
0.1750542,0.15232392,0.31669426,0.19946365,0.33070242,0.19603598,0.18750599,0.300628,0.12718391,0.19197108,0.14785734,0.32510346,5
0.12610874,0.2825672,0.350801,0.15800208,0.23786297,0.25897348,0.53448695,0.31555244,0.17710957,0.19591884,0.1317827,0.15347524,5
0.13671039,0.16310887,0.33021572,0.112151034,0.16078709,0.15565652,0.28983006,0.38908476,0.38738447,0.575251,0.2498605,0.22180636,5
0.17316271,0.22130969,0.29929554,0.20681323,0.2748421,0.1280002,0.17536281,0.059089784,0.12829252,0.3450856,0.26000017,0.30169466,5
0.26626033,0.24222925,0.15325698,0.12591048,0.21756695,0.22743708,0.23023969,0.17551851,0.25010574,0.35774058,0.31323528,0.300171,5
0.297718,0.31075668,0.12795009,0.1457539,0.1966728,0.2203124,0.3187541,0.21847667,0.15178034,0.17261995,0.28757492,0.47646263,5
0.1333169,0.24372092,0.36352456,0.24474302,0.26498595,0.2232692,0.49183217,0.31833205,0.17729683,0.21418351,0.16536425,0.16124886,5
0.16105461,0.16436101,0.1908731,0.3210819,0.5716948,0.40659675,0.24620774,0.3507957,0.30085102,0.26571527,0.18519206,0.27094886,5
0.18743478,0.1195727,0.14252776,0.20723552,0.44640687,0.25198668,0.19267486,0.4490421,0.26752383,0.23980337,0.13190545,0.26243722,5
0.16931248,0.24563402,0.2127799,0.20564194,0.18033677,0.16490807,0.50949156,0.16032709,0.058948524,0.13460247,0.14072606,0.2875485,5
0.08371358,0.17537664,0.53604275,0.25052947,0.4616448,0.19003981,0.12292818,0.31226954,0.12589842,0.18962857,0.09289722,0.118864834,5
0.14807962,0.18203989,0.3805487,0.16724046,0.22208561,0.21681957,0.30322406,0.3361104,0.32286817,0.46358752,0.22141206,0.18756972,5
0.23236257,0.2926914,0.45559046,0.23111252,0.20655048,0.22291642,0.3450369,0.40444428,0.32997736,0.36107135,0.2505391,0.25515342,5
0.22106123,0.103915356,0.1534008,0.14498548,0.25140882,0.14967598,0.17141837,0.48604918,0.21514417,0.25011408,0.16262324,0.3888204,5
0.092152655,0.17825064,0.55008775,0.23477876,0.35381618,0.1814206,0.12221192,0.19757153,0.13770702,0.28122652,0.13027923,0.1735978,5
0.07666669,0.23515077,0.28979367,0.10365439,0.19092984,0.15564537,0.34649533,0.14391088,0.091923155,0.2724645,0.102901705,0.19355954,5
0.21194182,0.17060678,0.20180814,0.3109489,0.53948903,0.3751571,0.23400036,0.37341398,0.32330304,0.28007662,0.20430867,0.26626343,5
0.22249265,0.09970216,0.14998631,0.14831024,0.18085603,0.10466899,0.14655048,0.2015939,0.13932365,0.24695112,0.2988395,0.55449873,5
0.117659435,0.2976086,0.39063323,0.14532717,0.16108848,0.19601136,0.48992428,0.23118804,0.101808116,0.17528026,0.09264138,0.1707924,5
0.3447742,0.3600153,0.34116465,0.3131195,0.3580659,0.24391387,0.2543561,0.23225108,0.26942006,0.39708027,0.34746242,0.40952942,5
0.2713602,0.14812092,0.06894445,0.105592996,0.15852357,0.25145352,0.37178582,0.24339463,0.19255783,0.2376719,0.35129803,0.54098797,5
0.20528553,0.25150415,0.21686025,0.2535798,0.13581814,0.17545576,0.52352,0.14676307,0.10101034,0.24141543,0.25972757,0.37725803,5
0.11597256,0.138731,0.21016431,0.25283214,0.4199151,0.3908248,0.34904665,0.33376625,0.28537518,0.3077583,0.19326541,0.24653485,5
0.22964832,0.23629296,0.3606315,0.17150435,0.23191026,0.17666575,0.21776964,0.25327182,0.2774752,0.48147705,0.25915068,0.27761003,5
0.14410354,0.12424527,0.20686246,0.27943027,0.44395003,0.32668954,0.22012326,0.25665376,0.24871658,0.3143015,0.21814716,0.39910114,5
0.12153524,0.16237365,0.18731295,0.21925673,0.41697916,0.26024872,0.29501966,0.27567038,0.21710765,0.30189085,0.18311776,0.3098698,5
0.26819104,0.18690051,0.17153627,0.15209243,0.19853789,0.24896479,0.2702998,0.22833328,0.26411757,0.29250652,0.27516866,0.34220272,5
0.16540062,0.20676847,0.30624196,0.12369248,0.16666108,0.14430316,0.33270228,0.19298805,0.09859495,0.07497339,0.14752471,0.4153306,5
0.178164,0.2609378,0.37490183,0.21721394,0.29690263,0.19995518,0.33465272,0.21660803,0.13668832,0.21643676,0.18078981,0.26931846,5
0.2922272,0.27086547,0.2965016,0.24572062,0.20007312,0.13830277,0.35441333,0.099174604,0.046144813,0.16017611,0.19747306,0.4803458,5
0.065314494,0.13922448,0.44943497,0.23916827,0.55037254,0.19657227,0.10817842,0.298426,0.11559132,0.17968011,0.08586271,0.10573998,5
0.25348976,0.43241405,0.46935597,0.15897962,0.105463155,0.12390882,0.2428808,0.19572036,0.2720231,0.2815606,0.22063011,0.25834787,5
0.3485193,0.24919255,0.18451335,0.17425175,0.18072833,0.24610226,0.42727938,0.2410032,0.2223527,0.3027602,0.32931063,0.45173627,5
0.23964569,0.33772132,0.15959927,0.17580798,0.28863075,0.35095966,0.42168987,0.31912377,0.22876151,0.18320954,0.20404203,0.2908936,5
0.124058835,0.16958325,0.23580314,0.3029976,0.46063492,0.3934946,0.33205193,0.24009813,0.17107303,0.20238191,0.13273187,0.27226454,5
0.2263324,0.13785358,0.28963083,0.19903755,0.19935912,0.11422915,0.13513462,0.17648287,0.107327744,0.21381152,0.2555365,0.5097243,5
0.15063848,0.16614076,0.20538217,0.19619979,0.13426512,0.16916856,0.4956824,0.18731558,0.14023724,0.32353535,0.25755215,0.29002225,5
0.10414628,0.15360218,0.35810402,0.17634273,0.2578511,0.23742178,0.37071294,0.48020452,0.40275332,0.4420901,0.2006236,0.13455407,5
0.072662435,0.15806603,0.12398837,0.0963582,0.21860212,0.20596623,0.47143087,0.28149572,0.18195507,0.24330588,0.10877914,0.15160649,5
0.2891598,0.39366236,0.32976282,0.3089349,0.36940163,0.26234367,0.364387,0.3428638,0.27168676,0.45055312,0.31510168,0.3043079,5
0.12821929,0.21423143,0.2060366,0.15136808,0.15694205,0.1499961,0.30490854,0.10841687,0.17098883,0.38722274,0.28017727,0.28950113,5
0.16178726,0.20813994,0.15064833,0.15468736,0.18939725,0.24268313,0.48893738,0.21564165,0.19510235,0.36000282,0.26021072,0.26396915,5
0.18417118,0.17714246,0.17484833,0.10954488,0.16286819,0.14641483,0.30511948,0.32773045,0.15010606,0.104976535,0.18143924,0.38464472,5
0.18547034,0.26529735,0.34832743,0.20001322,0.243988,0.20898384,0.40479523,0.28870508,0.19000241,0.23413157,0.18836236,0.2651751,5
0.20148632,0.23430456,0.11525592,0.12544848,0.19975263,0.30025783,0.4086732,0.30327135,0.2371804,0.19100972,0.23079476,0.32999778,5
0.098800264,0.21920715,0.16167459,0.100109406,0.2765403,0.18452382,0.38252765,0.13258822,0.08524904,0.24835536,0.10952655,0.22705297,5
0.1296812,0.20819987,0.5614164,0.25466776,0.3758253,0.2256295,0.18297239,0.34578848,0.14110653,0.16762553,0.11033731,0.13864571,5
0.088068984,0.29589367,0.36382452,0.12835519,0.11901299,0.1547473,0.4102761,0.19176918,0.13009062,0.39109597,0.13076982,0.09013048,5
0.31032184,0.41722178,0.2923781,0.2646521,0.4064223,0.2323859,0.23358978,0.18902557,0.1772343,0.26562884,0.21319237,0.31631956,5
0.16380139,0.24630931,0.28203896,0.16732071,0.25033212,0.19421743,0.3789047,0.24529561,0.17333604,0.27628866,0.19698445,0.2580842,5
0.3022787,0.34372398,0.45668617,0.2066447,0.12673284,0.14112645,0.30421433,0.41814288,0.36123106,0.3992611,0.31419656,0.3433606,5
0.11532243,0.048186395,0.047278605,0.112273686,0.1133818,0.18213084,0.34002143,0.08367816,0.15820634,0.1298194,0.20935956,0.5041933,5
0.14256296,0.1759892,0.19131662,0.09283554,0.19263977,0.11096125,0.16624987,0.038082484,0.07435958,0.101413906,0.19686769,0.41578254,5
0.26807815,0.27047932,0.1693698,0.13957283,0.17838843,0.12187986,0.1427864,0.08897625,0.23600066,0.19200717,0.24951687,0.42461586,5
0.15576361,0.16735408,0.124949425,0.06943856,0.11080162,0.1032282,0.246794,0.10323837,0.21780473,0.15727611,0.20676611,0.46553773,5
0.070015855,0.09030508,0.08723259,0.07465572,0.12747212,0.14878727,0.5176692,0.12119989,0.16649449,0.09845052,0.12374828,0.2638353,5
0.24945033,0.22216684,0.12690674,0.12433506,0.17964682,0.117684506,0.10790711,0.10443432,0.28728324,0.23696543,0.28691918,0.46440348,5
0.23429547,0.21987551,0.11965959,0.11649904,0.19543391,0.10185896,0.13901418,0.095402926,0.24352305,0.1721767,0.23518161,0.45226187,5
0.14473923,0.18928741,0.11532554,0.06226579,0.13465315,0.12195867,0.28280166,0.085867144,0.15707065,0.10157057,0.18304071,0.40609828,5
0.13524908,0.09305235,0.08864892,0.09823787,0.19075517,0.22045165,0.37137577,0.09543688,0.16601053,0.1511524,0.18116169,0.36454153,5